
/*
  06_load_sample_data.sql
  Purpose: Load a complete fictional wealth-management data set.
  Database context: WealthManagementOperations.
  Data: 5 advisors, 30 clients, 50 accounts, 25 securities, 175 prices,
        403 transactions, 300 current holdings, 40 reviews, and 25 alerts.
  Rerun behavior: Each entity set is skipped when its first seeded ID exists.
  Privacy: Every person, email, account number, symbol, and value is synthetic.
*/
USE WealthManagementOperations;
GO
SET NOCOUNT ON;
SET XACT_ABORT ON;
GO

BEGIN TRY
    BEGIN TRANSACTION;

    IF NOT EXISTS (SELECT 1 FROM core.Advisor WHERE [AdvisorID] = 1)
    BEGIN
    SET IDENTITY_INSERT core.Advisor ON;

    INSERT INTO core.Advisor ([AdvisorID], [AdvisorCode], [FirstName], [LastName], [Email], [HireDate], [IsActive])
    VALUES
        (1, N'ADV-001', N'Maya', N'Ellison', N'maya.ellison@example.test', N'2018-04-09', 1),
        (2, N'ADV-002', N'Noah', N'Bennett', N'noah.bennett@example.test', N'2019-08-19', 1),
        (3, N'ADV-003', N'Sofia', N'Ramirez', N'sofia.ramirez@example.test', N'2020-01-13', 1),
        (4, N'ADV-004', N'Ethan', N'Cole', N'ethan.cole@example.test', N'2021-06-07', 1),
        (5, N'ADV-005', N'Avery', N'Kim', N'avery.kim@example.test', N'2022-09-12', 1);

    SET IDENTITY_INSERT core.Advisor OFF;
        PRINT N'Loaded 5 rows into core.Advisor.';
    END
    ELSE
    BEGIN
        PRINT N'Skipped core.Advisor; sample rows already exist.';
    END;

    IF NOT EXISTS (SELECT 1 FROM core.Client WHERE [ClientID] = 1)
    BEGIN
    SET IDENTITY_INSERT core.Client ON;

    INSERT INTO core.Client ([ClientID], [ClientCode], [FirstName], [LastName], [Email], [StateCode], [AdvisorID], [ClientSince], [IsActive])
    VALUES
        (1, N'CL-0001', N'Liam', N'Mercer', N'liam.mercer@example.test', N'FL', 1, N'2019-04-06', 1),
        (2, N'CL-0002', N'Olivia', N'Holloway', N'olivia.holloway@example.test', N'OH', 2, N'2020-07-11', 1),
        (3, N'CL-0003', N'Mason', N'Bishop', N'mason.bishop@example.test', N'MI', 3, N'2021-10-16', 1),
        (4, N'CL-0004', N'Emma', N'Dawson', N'emma.dawson@example.test', N'NC', 4, N'2022-01-21', 1),
        (5, N'CL-0005', N'Lucas', N'Fletcher', N'lucas.fletcher@example.test', N'TX', 5, N'2023-04-01', 1),
        (6, N'CL-0006', N'Ava', N'Monroe', N'ava.monroe@example.test', N'GA', 1, N'2024-07-06', 1),
        (7, N'CL-0007', N'Henry', N'Sutton', N'henry.sutton@example.test', N'VA', 2, N'2018-10-11', 1),
        (8, N'CL-0008', N'Isabella', N'Parker', N'isabella.parker@example.test', N'PA', 3, N'2019-01-16', 1),
        (9, N'CL-0009', N'James', N'Reeves', N'james.reeves@example.test', N'IL', 4, N'2020-04-21', 1),
        (10, N'CL-0010', N'Mia', N'Sawyer', N'mia.sawyer@example.test', N'MA', 5, N'2021-07-01', 1),
        (11, N'CL-0011', N'Benjamin', N'Whitaker', N'benjamin.whitaker@example.test', N'FL', 1, N'2022-10-06', 1),
        (12, N'CL-0012', N'Charlotte', N'Dalton', N'charlotte.dalton@example.test', N'OH', 2, N'2023-01-11', 1),
        (13, N'CL-0013', N'Elijah', N'Griffin', N'elijah.griffin@example.test', N'MI', 3, N'2024-04-16', 1),
        (14, N'CL-0014', N'Amelia', N'Pierce', N'amelia.pierce@example.test', N'NC', 4, N'2018-07-21', 1),
        (15, N'CL-0015', N'Daniel', N'Baxter', N'daniel.baxter@example.test', N'TX', 5, N'2019-10-01', 1),
        (16, N'CL-0016', N'Harper', N'Lawson', N'harper.lawson@example.test', N'GA', 1, N'2020-01-06', 1),
        (17, N'CL-0017', N'Alexander', N'Nash', N'alexander.nash@example.test', N'VA', 2, N'2021-04-11', 1),
        (18, N'CL-0018', N'Evelyn', N'Hughes', N'evelyn.hughes@example.test', N'PA', 3, N'2022-07-16', 1),
        (19, N'CL-0019', N'Jack', N'Caldwell', N'jack.caldwell@example.test', N'IL', 4, N'2023-10-21', 1),
        (20, N'CL-0020', N'Abigail', N'Morrison', N'abigail.morrison@example.test', N'MA', 5, N'2024-01-01', 1),
        (21, N'CL-0021', N'Samuel', N'Hale', N'samuel.hale@example.test', N'FL', 1, N'2018-04-06', 1),
        (22, N'CL-0022', N'Ella', N'Carver', N'ella.carver@example.test', N'OH', 2, N'2019-07-11', 1),
        (23, N'CL-0023', N'Owen', N'Sterling', N'owen.sterling@example.test', N'MI', 3, N'2020-10-16', 1),
        (24, N'CL-0024', N'Scarlett', N'Rowan', N'scarlett.rowan@example.test', N'NC', 4, N'2021-01-21', 1),
        (25, N'CL-0025', N'Leo', N'Prescott', N'leo.prescott@example.test', N'TX', 5, N'2022-04-01', 1),
        (26, N'CL-0026', N'Grace', N'Blake', N'grace.blake@example.test', N'GA', 1, N'2023-07-06', 1),
        (27, N'CL-0027', N'Julian', N'Wells', N'julian.wells@example.test', N'VA', 2, N'2024-10-11', 1),
        (28, N'CL-0028', N'Chloe', N'Bennett', N'chloe.bennett@example.test', N'PA', 3, N'2018-01-16', 1),
        (29, N'CL-0029', N'Nolan', N'Kendall', N'nolan.kendall@example.test', N'IL', 4, N'2019-04-21', 0),
        (30, N'CL-0030', N'Victoria', N'Foster', N'victoria.foster@example.test', N'MA', 5, N'2020-07-01', 0);

    SET IDENTITY_INSERT core.Client OFF;
        PRINT N'Loaded 30 rows into core.Client.';
    END
    ELSE
    BEGIN
        PRINT N'Skipped core.Client; sample rows already exist.';
    END;

    IF NOT EXISTS (SELECT 1 FROM core.ClientRiskProfile WHERE [ClientRiskProfileID] = 1)
    BEGIN
    SET IDENTITY_INSERT core.ClientRiskProfile ON;

    INSERT INTO core.ClientRiskProfile ([ClientRiskProfileID], [ClientID], [RiskProfileTypeID], [RiskScore], [InvestmentObjective], [TimeHorizonYears], [EffectiveFrom], [EffectiveTo], [IsCurrent])
    VALUES
        (1, 1, 1, 27, N'Capital preservation', 4, N'2025-01-01', NULL, 1),
        (2, 2, 2, 52, N'Balanced growth', 8, N'2025-01-01', NULL, 1),
        (3, 3, 3, 75, N'Long-term growth', 14, N'2025-01-01', NULL, 1),
        (4, 4, 4, 93, N'Maximum growth', 20, N'2025-01-01', NULL, 1),
        (5, 5, 1, 26, N'Capital preservation', 4, N'2025-01-01', NULL, 1),
        (6, 6, 2, 51, N'Balanced growth', 8, N'2025-01-01', NULL, 1),
        (7, 7, 3, 74, N'Long-term growth', 14, N'2025-01-01', NULL, 1),
        (8, 8, 4, 92, N'Maximum growth', 20, N'2025-01-01', NULL, 1),
        (9, 9, 1, 30, N'Capital preservation', 4, N'2025-01-01', NULL, 1),
        (10, 10, 2, 50, N'Balanced growth', 8, N'2025-01-01', NULL, 1),
        (11, 11, 3, 73, N'Long-term growth', 14, N'2025-01-01', NULL, 1),
        (12, 12, 4, 91, N'Maximum growth', 20, N'2025-01-01', NULL, 1),
        (13, 13, 1, 29, N'Capital preservation', 4, N'2025-01-01', NULL, 1),
        (14, 14, 2, 54, N'Balanced growth', 8, N'2025-01-01', NULL, 1),
        (15, 15, 3, 72, N'Long-term growth', 14, N'2025-01-01', NULL, 1),
        (16, 16, 4, 90, N'Maximum growth', 20, N'2025-01-01', NULL, 1),
        (17, 17, 1, 28, N'Capital preservation', 4, N'2025-01-01', NULL, 1),
        (18, 18, 2, 53, N'Balanced growth', 8, N'2025-01-01', NULL, 1),
        (19, 19, 3, 76, N'Long-term growth', 14, N'2025-01-01', NULL, 1),
        (20, 20, 4, 89, N'Maximum growth', 20, N'2025-01-01', NULL, 1),
        (21, 21, 1, 27, N'Capital preservation', 4, N'2025-01-01', NULL, 1),
        (22, 22, 2, 52, N'Balanced growth', 8, N'2025-01-01', NULL, 1),
        (23, 23, 3, 75, N'Long-term growth', 14, N'2025-01-01', NULL, 1),
        (24, 24, 4, 93, N'Maximum growth', 20, N'2025-01-01', NULL, 1),
        (25, 25, 1, 26, N'Capital preservation', 4, N'2025-01-01', NULL, 1),
        (26, 26, 2, 51, N'Balanced growth', 8, N'2025-01-01', NULL, 1),
        (27, 27, 3, 74, N'Long-term growth', 14, N'2025-01-01', NULL, 1),
        (28, 28, 4, 92, N'Maximum growth', 20, N'2025-01-01', NULL, 1),
        (29, 29, 1, 30, N'Capital preservation', 4, N'2025-01-01', NULL, 1),
        (30, 30, 2, 50, N'Balanced growth', 8, N'2025-01-01', NULL, 1);

    SET IDENTITY_INSERT core.ClientRiskProfile OFF;
        PRINT N'Loaded 30 rows into core.ClientRiskProfile.';
    END
    ELSE
    BEGIN
        PRINT N'Skipped core.ClientRiskProfile; sample rows already exist.';
    END;

    IF NOT EXISTS (SELECT 1 FROM core.InvestmentAccount WHERE [AccountID] = 1)
    BEGIN
    SET IDENTITY_INSERT core.InvestmentAccount ON;

    INSERT INTO core.InvestmentAccount ([AccountID], [AccountNumber], [ClientID], [AccountTypeID], [AdvisorID], [OpenDate], [AccountStatus], [BaseCurrency])
    VALUES
        (1, N'WM-100001', 1, 1, 1, N'2020-03-08', N'OPEN', N'USD'),
        (2, N'WM-100002', 2, 2, 2, N'2021-05-15', N'OPEN', N'USD'),
        (3, N'WM-100003', 3, 3, 3, N'2022-07-22', N'OPEN', N'USD'),
        (4, N'WM-100004', 4, 4, 4, N'2023-09-05', N'OPEN', N'USD'),
        (5, N'WM-100005', 5, 1, 5, N'2024-11-12', N'OPEN', N'USD'),
        (6, N'WM-100006', 6, 2, 1, N'2019-01-19', N'OPEN', N'USD'),
        (7, N'WM-100007', 7, 3, 2, N'2020-03-02', N'OPEN', N'USD'),
        (8, N'WM-100008', 8, 4, 3, N'2021-05-09', N'OPEN', N'USD'),
        (9, N'WM-100009', 9, 1, 4, N'2022-07-16', N'OPEN', N'USD'),
        (10, N'WM-100010', 10, 2, 5, N'2023-09-23', N'OPEN', N'USD'),
        (11, N'WM-100011', 11, 3, 1, N'2024-11-06', N'OPEN', N'USD'),
        (12, N'WM-100012', 12, 4, 2, N'2019-01-13', N'OPEN', N'USD'),
        (13, N'WM-100013', 13, 1, 3, N'2020-03-20', N'OPEN', N'USD'),
        (14, N'WM-100014', 14, 2, 4, N'2021-05-03', N'OPEN', N'USD'),
        (15, N'WM-100015', 15, 3, 5, N'2022-07-10', N'OPEN', N'USD'),
        (16, N'WM-100016', 16, 4, 1, N'2023-09-17', N'OPEN', N'USD'),
        (17, N'WM-100017', 17, 1, 2, N'2024-11-24', N'OPEN', N'USD'),
        (18, N'WM-100018', 18, 2, 3, N'2019-01-07', N'OPEN', N'USD'),
        (19, N'WM-100019', 19, 3, 4, N'2020-03-14', N'OPEN', N'USD'),
        (20, N'WM-100020', 20, 4, 5, N'2021-05-21', N'OPEN', N'USD'),
        (21, N'WM-100021', 21, 1, 1, N'2022-07-04', N'OPEN', N'USD'),
        (22, N'WM-100022', 22, 2, 2, N'2023-09-11', N'OPEN', N'USD'),
        (23, N'WM-100023', 23, 3, 3, N'2024-11-18', N'OPEN', N'USD'),
        (24, N'WM-100024', 24, 4, 4, N'2019-01-01', N'OPEN', N'USD'),
        (25, N'WM-100025', 25, 1, 5, N'2020-03-08', N'OPEN', N'USD'),
        (26, N'WM-100026', 26, 2, 1, N'2021-05-15', N'OPEN', N'USD'),
        (27, N'WM-100027', 27, 3, 2, N'2022-07-22', N'OPEN', N'USD'),
        (28, N'WM-100028', 28, 4, 3, N'2023-09-05', N'OPEN', N'USD'),
        (29, N'WM-100029', 29, 1, 4, N'2024-11-12', N'RESTRICTED', N'USD'),
        (30, N'WM-100030', 30, 2, 5, N'2019-01-19', N'RESTRICTED', N'USD'),
        (31, N'WM-100031', 1, 3, 1, N'2022-06-10', N'OPEN', N'USD'),
        (32, N'WM-100032', 2, 4, 2, N'2023-11-19', N'OPEN', N'USD'),
        (33, N'WM-100033', 3, 1, 3, N'2024-04-04', N'OPEN', N'USD'),
        (34, N'WM-100034', 4, 2, 4, N'2021-09-13', N'OPEN', N'USD'),
        (35, N'WM-100035', 5, 3, 5, N'2022-02-22', N'OPEN', N'USD'),
        (36, N'WM-100036', 6, 4, 1, N'2023-07-07', N'OPEN', N'USD'),
        (37, N'WM-100037', 7, 1, 2, N'2024-12-16', N'OPEN', N'USD'),
        (38, N'WM-100038', 8, 2, 3, N'2021-05-01', N'OPEN', N'USD'),
        (39, N'WM-100039', 9, 3, 4, N'2022-10-10', N'OPEN', N'USD'),
        (40, N'WM-100040', 10, 4, 5, N'2023-03-19', N'OPEN', N'USD'),
        (41, N'WM-100041', 11, 1, 1, N'2024-08-04', N'OPEN', N'USD'),
        (42, N'WM-100042', 12, 2, 2, N'2021-01-13', N'OPEN', N'USD'),
        (43, N'WM-100043', 13, 3, 3, N'2022-06-22', N'OPEN', N'USD'),
        (44, N'WM-100044', 14, 4, 4, N'2023-11-07', N'OPEN', N'USD'),
        (45, N'WM-100045', 15, 1, 5, N'2024-04-16', N'OPEN', N'USD'),
        (46, N'WM-100046', 16, 2, 1, N'2021-09-01', N'OPEN', N'USD'),
        (47, N'WM-100047', 17, 3, 2, N'2022-02-10', N'OPEN', N'USD'),
        (48, N'WM-100048', 18, 4, 3, N'2023-07-19', N'OPEN', N'USD'),
        (49, N'WM-100049', 19, 1, 4, N'2024-12-04', N'OPEN', N'USD'),
        (50, N'WM-100050', 20, 2, 5, N'2021-05-13', N'OPEN', N'USD');

    SET IDENTITY_INSERT core.InvestmentAccount OFF;
        PRINT N'Loaded 50 rows into core.InvestmentAccount.';
    END
    ELSE
    BEGIN
        PRINT N'Skipped core.InvestmentAccount; sample rows already exist.';
    END;

    IF NOT EXISTS (SELECT 1 FROM market.Security WHERE [SecurityID] = 1)
    BEGIN
    SET IDENTITY_INSERT market.Security ON;

    INSERT INTO market.Security ([SecurityID], [Symbol], [SecurityName], [AssetClassID], [SecurityType], [CurrencyCode], [IsActive])
    VALUES
        (1, N'AURX', N'Aurora Growth Fund', 1, N'ETF', N'USD', 1),
        (2, N'BLCF', N'Blue Coast Financials Fund', 1, N'ETF', N'USD', 1),
        (3, N'CNRD', N'Concord Industrial Fund', 1, N'ETF', N'USD', 1),
        (4, N'DVNT', N'Devon Technology Fund', 1, N'ETF', N'USD', 1),
        (5, N'ELMR', N'Elm Ridge Dividend Fund', 1, N'ETF', N'USD', 1),
        (6, N'FSTN', N'First Stone Small Cap Fund', 1, N'ETF', N'USD', 1),
        (7, N'GLDN', N'Golden Harbor Large Cap Fund', 1, N'ETF', N'USD', 1),
        (8, N'HBRK', N'Harbor Brook Healthcare Fund', 1, N'ETF', N'USD', 1),
        (9, N'INTL', N'Global Developed Markets Fund', 2, N'ETF', N'USD', 1),
        (10, N'PACF', N'Pacific Markets Fund', 2, N'ETF', N'USD', 1),
        (11, N'EMEA', N'Europe Middle East Africa Fund', 2, N'ETF', N'USD', 1),
        (12, N'EMRG', N'Emerging Markets Fund', 2, N'ETF', N'USD', 1),
        (13, N'US10', N'U.S. Treasury 10-Year Fund', 3, N'ETF', N'USD', 1),
        (14, N'CORP', N'Investment Grade Corporate Bond Fund', 3, N'ETF', N'USD', 1),
        (15, N'MUNI', N'National Municipal Bond Fund', 3, N'ETF', N'USD', 1),
        (16, N'SHRT', N'Short Duration Bond Fund', 3, N'ETF', N'USD', 1),
        (17, N'HYBD', N'High Yield Bond Fund', 3, N'ETF', N'USD', 1),
        (18, N'MMKT', N'Government Money Market Fund', 4, N'MUTUAL_FUND', N'USD', 1),
        (19, N'TBL3', N'Three-Month Treasury Fund', 4, N'ETF', N'USD', 1),
        (20, N'REIT', N'Diversified Real Estate Fund', 5, N'ETF', N'USD', 1),
        (21, N'INFR', N'Infrastructure Assets Fund', 5, N'ETF', N'USD', 1),
        (22, N'ALT1', N'Market Neutral Strategies Fund', 6, N'MUTUAL_FUND', N'USD', 1),
        (23, N'ALT2', N'Private Credit Proxy Fund', 6, N'ETF', N'USD', 1),
        (24, N'GOLD', N'Gold Holdings Fund', 7, N'ETF', N'USD', 1),
        (25, N'ENRG', N'Energy Commodities Fund', 7, N'ETF', N'USD', 1);

    SET IDENTITY_INSERT market.Security OFF;
        PRINT N'Loaded 25 rows into market.Security.';
    END
    ELSE
    BEGIN
        PRINT N'Skipped market.Security; sample rows already exist.';
    END;

    IF NOT EXISTS (SELECT 1 FROM market.SecurityPrice WHERE [SecurityPriceID] = 1)
    BEGIN
    SET IDENTITY_INSERT market.SecurityPrice ON;

    INSERT INTO market.SecurityPrice ([SecurityPriceID], [SecurityID], [PriceDate], [ClosePrice], [PriceSource])
    VALUES
        (1, 1, N'2026-01-30', 61.256, N'Synthetic Model'),
        (2, 1, N'2026-02-27', 62.248, N'Synthetic Model'),
        (3, 1, N'2026-03-31', 60.512, N'Synthetic Model'),
        (4, 1, N'2026-04-30', 58.776, N'Synthetic Model'),
        (5, 1, N'2026-05-29', 59.768, N'Synthetic Model'),
        (6, 1, N'2026-06-30', 58.032, N'Synthetic Model'),
        (7, 1, N'2026-07-10', 56.296, N'Synthetic Model'),
        (8, 2, N'2026-01-30', 47.808, N'Synthetic Model'),
        (9, 2, N'2026-02-27', 46.752, N'Synthetic Model'),
        (10, 2, N'2026-03-31', 47.808, N'Synthetic Model'),
        (11, 2, N'2026-04-30', 46.752, N'Synthetic Model'),
        (12, 2, N'2026-05-29', 47.808, N'Synthetic Model'),
        (13, 2, N'2026-06-30', 46.752, N'Synthetic Model'),
        (14, 2, N'2026-07-10', 45.696, N'Synthetic Model'),
        (15, 3, N'2026-01-30', 74.296, N'Synthetic Model'),
        (16, 3, N'2026-02-27', 73.112, N'Synthetic Model'),
        (17, 3, N'2026-03-31', 75.184, N'Synthetic Model'),
        (18, 3, N'2026-04-30', 74.0, N'Synthetic Model'),
        (19, 3, N'2026-05-29', 72.816, N'Synthetic Model'),
        (20, 3, N'2026-06-30', 74.888, N'Synthetic Model'),
        (21, 3, N'2026-07-10', 73.704, N'Synthetic Model'),
        (22, 4, N'2026-01-30', 96.14, N'Synthetic Model'),
        (23, 4, N'2026-02-27', 95.19, N'Synthetic Model'),
        (24, 4, N'2026-03-31', 94.24, N'Synthetic Model'),
        (25, 4, N'2026-04-30', 97.47, N'Synthetic Model'),
        (26, 4, N'2026-05-29', 96.52, N'Synthetic Model'),
        (27, 4, N'2026-06-30', 99.75, N'Synthetic Model'),
        (28, 4, N'2026-07-10', 98.8, N'Synthetic Model'),
        (29, 5, N'2026-01-30', 39.78, N'Synthetic Model'),
        (30, 5, N'2026-02-27', 39.624, N'Synthetic Model'),
        (31, 5, N'2026-03-31', 39.468, N'Synthetic Model'),
        (32, 5, N'2026-04-30', 41.028, N'Synthetic Model'),
        (33, 5, N'2026-05-29', 40.872, N'Synthetic Model'),
        (34, 5, N'2026-06-30', 40.716, N'Synthetic Model'),
        (35, 5, N'2026-07-10', 42.276, N'Synthetic Model'),
        (36, 6, N'2026-01-30', 51.168, N'Synthetic Model'),
        (37, 6, N'2026-02-27', 53.56, N'Synthetic Model'),
        (38, 6, N'2026-03-31', 53.664, N'Synthetic Model'),
        (39, 6, N'2026-04-30', 53.768, N'Synthetic Model'),
        (40, 6, N'2026-05-29', 56.16, N'Synthetic Model'),
        (41, 6, N'2026-06-30', 56.264, N'Synthetic Model'),
        (42, 6, N'2026-07-10', 58.656, N'Synthetic Model'),
        (43, 7, N'2026-01-30', 110.112, N'Synthetic Model'),
        (44, 7, N'2026-02-27', 111.222, N'Synthetic Model'),
        (45, 7, N'2026-03-31', 107.448, N'Synthetic Model'),
        (46, 7, N'2026-04-30', 103.674, N'Synthetic Model'),
        (47, 7, N'2026-05-29', 104.784, N'Synthetic Model'),
        (48, 7, N'2026-06-30', 101.01, N'Synthetic Model'),
        (49, 7, N'2026-07-10', 97.236, N'Synthetic Model'),
        (50, 8, N'2026-01-30', 67.0, N'Synthetic Model'),
        (51, 8, N'2026-02-27', 65.124, N'Synthetic Model'),
        (52, 8, N'2026-03-31', 66.196, N'Synthetic Model'),
        (53, 8, N'2026-04-30', 64.32, N'Synthetic Model'),
        (54, 8, N'2026-05-29', 62.444, N'Synthetic Model'),
        (55, 8, N'2026-06-30', 63.516, N'Synthetic Model'),
        (56, 8, N'2026-07-10', 61.64, N'Synthetic Model'),
        (57, 9, N'2026-01-30', 45.36, N'Synthetic Model'),
        (58, 9, N'2026-02-27', 44.37, N'Synthetic Model'),
        (59, 9, N'2026-03-31', 45.36, N'Synthetic Model'),
        (60, 9, N'2026-04-30', 44.37, N'Synthetic Model'),
        (61, 9, N'2026-05-29', 43.38, N'Synthetic Model'),
        (62, 9, N'2026-06-30', 44.37, N'Synthetic Model'),
        (63, 9, N'2026-07-10', 43.38, N'Synthetic Model'),
        (64, 10, N'2026-01-30', 37.592, N'Synthetic Model'),
        (65, 10, N'2026-02-27', 37.0, N'Synthetic Model'),
        (66, 10, N'2026-03-31', 36.408, N'Synthetic Model'),
        (67, 10, N'2026-04-30', 37.444, N'Synthetic Model'),
        (68, 10, N'2026-05-29', 36.852, N'Synthetic Model'),
        (69, 10, N'2026-06-30', 36.26, N'Synthetic Model'),
        (70, 10, N'2026-07-10', 37.296, N'Synthetic Model'),
        (71, 11, N'2026-01-30', 40.18, N'Synthetic Model'),
        (72, 11, N'2026-02-27', 41.574, N'Synthetic Model'),
        (73, 11, N'2026-03-31', 41.164, N'Synthetic Model'),
        (74, 11, N'2026-04-30', 42.558, N'Synthetic Model'),
        (75, 11, N'2026-05-29', 42.148, N'Synthetic Model'),
        (76, 11, N'2026-06-30', 41.738, N'Synthetic Model'),
        (77, 11, N'2026-07-10', 43.132, N'Synthetic Model'),
        (78, 12, N'2026-01-30', 31.616, N'Synthetic Model'),
        (79, 12, N'2026-02-27', 32.896, N'Synthetic Model'),
        (80, 12, N'2026-03-31', 32.768, N'Synthetic Model'),
        (81, 12, N'2026-04-30', 32.64, N'Synthetic Model'),
        (82, 12, N'2026-05-29', 33.92, N'Synthetic Model'),
        (83, 12, N'2026-06-30', 33.792, N'Synthetic Model'),
        (84, 12, N'2026-07-10', 33.664, N'Synthetic Model'),
        (85, 13, N'2026-01-30', 97.608, N'Synthetic Model'),
        (86, 13, N'2026-02-27', 97.804, N'Synthetic Model'),
        (87, 13, N'2026-03-31', 102.312, N'Synthetic Model'),
        (88, 13, N'2026-04-30', 102.508, N'Synthetic Model'),
        (89, 13, N'2026-05-29', 107.016, N'Synthetic Model'),
        (90, 13, N'2026-06-30', 107.212, N'Synthetic Model'),
        (91, 13, N'2026-07-10', 107.408, N'Synthetic Model'),
        (92, 14, N'2026-01-30', 84.336, N'Synthetic Model'),
        (93, 14, N'2026-02-27', 81.48, N'Synthetic Model'),
        (94, 14, N'2026-03-31', 82.32, N'Synthetic Model'),
        (95, 14, N'2026-04-30', 79.464, N'Synthetic Model'),
        (96, 14, N'2026-05-29', 76.608, N'Synthetic Model'),
        (97, 14, N'2026-06-30', 77.448, N'Synthetic Model'),
        (98, 14, N'2026-07-10', 74.592, N'Synthetic Model'),
        (99, 15, N'2026-01-30', 76.912, N'Synthetic Model'),
        (100, 15, N'2026-02-27', 74.784, N'Synthetic Model'),
        (101, 15, N'2026-03-31', 72.656, N'Synthetic Model'),
        (102, 15, N'2026-04-30', 73.872, N'Synthetic Model'),
        (103, 15, N'2026-05-29', 71.744, N'Synthetic Model'),
        (104, 15, N'2026-06-30', 72.96, N'Synthetic Model'),
        (105, 15, N'2026-07-10', 70.832, N'Synthetic Model'),
        (106, 16, N'2026-01-30', 52.02, N'Synthetic Model'),
        (107, 16, N'2026-02-27', 50.898, N'Synthetic Model'),
        (108, 16, N'2026-03-31', 49.776, N'Synthetic Model'),
        (109, 16, N'2026-04-30', 50.898, N'Synthetic Model'),
        (110, 16, N'2026-05-29', 49.776, N'Synthetic Model'),
        (111, 16, N'2026-06-30', 48.654, N'Synthetic Model'),
        (112, 16, N'2026-07-10', 49.776, N'Synthetic Model'),
        (113, 17, N'2026-01-30', 56.088, N'Synthetic Model'),
        (114, 17, N'2026-02-27', 57.684, N'Synthetic Model'),
        (115, 17, N'2026-03-31', 56.772, N'Synthetic Model'),
        (116, 17, N'2026-04-30', 55.86, N'Synthetic Model'),
        (117, 17, N'2026-05-29', 57.456, N'Synthetic Model'),
        (118, 17, N'2026-06-30', 56.544, N'Synthetic Model'),
        (119, 17, N'2026-07-10', 58.14, N'Synthetic Model'),
        (120, 18, N'2026-01-30', 1, N'Synthetic Model'),
        (121, 18, N'2026-02-27', 1, N'Synthetic Model'),
        (122, 18, N'2026-03-31', 1, N'Synthetic Model'),
        (123, 18, N'2026-04-30', 1, N'Synthetic Model'),
        (124, 18, N'2026-05-29', 1, N'Synthetic Model'),
        (125, 18, N'2026-06-30', 1, N'Synthetic Model'),
        (126, 18, N'2026-07-10', 1, N'Synthetic Model'),
        (127, 19, N'2026-01-30', 100.0, N'Synthetic Model'),
        (128, 19, N'2026-02-27', 99.6, N'Synthetic Model'),
        (129, 19, N'2026-03-31', 103.6, N'Synthetic Model'),
        (130, 19, N'2026-04-30', 103.2, N'Synthetic Model'),
        (131, 19, N'2026-05-29', 102.8, N'Synthetic Model'),
        (132, 19, N'2026-06-30', 106.8, N'Synthetic Model'),
        (133, 19, N'2026-07-10', 106.4, N'Synthetic Model'),
        (134, 20, N'2026-01-30', 43.344, N'Synthetic Model'),
        (135, 20, N'2026-02-27', 43.43, N'Synthetic Model'),
        (136, 20, N'2026-03-31', 45.408, N'Synthetic Model'),
        (137, 20, N'2026-04-30', 45.494, N'Synthetic Model'),
        (138, 20, N'2026-05-29', 45.58, N'Synthetic Model'),
        (139, 20, N'2026-06-30', 47.558, N'Synthetic Model'),
        (140, 20, N'2026-07-10', 47.644, N'Synthetic Model'),
        (141, 21, N'2026-01-30', 55.88, N'Synthetic Model'),
        (142, 21, N'2026-02-27', 54.01, N'Synthetic Model'),
        (143, 21, N'2026-03-31', 52.14, N'Synthetic Model'),
        (144, 21, N'2026-04-30', 52.69, N'Synthetic Model'),
        (145, 21, N'2026-05-29', 50.82, N'Synthetic Model'),
        (146, 21, N'2026-06-30', 48.95, N'Synthetic Model'),
        (147, 21, N'2026-07-10', 49.5, N'Synthetic Model'),
        (148, 22, N'2026-01-30', 24.5, N'Synthetic Model'),
        (149, 22, N'2026-02-27', 24.9, N'Synthetic Model'),
        (150, 22, N'2026-03-31', 24.2, N'Synthetic Model'),
        (151, 22, N'2026-04-30', 24.6, N'Synthetic Model'),
        (152, 22, N'2026-05-29', 23.9, N'Synthetic Model'),
        (153, 22, N'2026-06-30', 23.2, N'Synthetic Model'),
        (154, 22, N'2026-07-10', 23.6, N'Synthetic Model'),
        (155, 23, N'2026-01-30', 30.628, N'Synthetic Model'),
        (156, 23, N'2026-02-27', 31.31, N'Synthetic Model'),
        (157, 23, N'2026-03-31', 30.628, N'Synthetic Model'),
        (158, 23, N'2026-04-30', 29.946, N'Synthetic Model'),
        (159, 23, N'2026-05-29', 30.628, N'Synthetic Model'),
        (160, 23, N'2026-06-30', 29.946, N'Synthetic Model'),
        (161, 23, N'2026-07-10', 29.264, N'Synthetic Model'),
        (162, 24, N'2026-01-30', 28.884, N'Synthetic Model'),
        (163, 24, N'2026-02-27', 28.42, N'Synthetic Model'),
        (164, 24, N'2026-03-31', 29.232, N'Synthetic Model'),
        (165, 24, N'2026-04-30', 28.768, N'Synthetic Model'),
        (166, 24, N'2026-05-29', 29.58, N'Synthetic Model'),
        (167, 24, N'2026-06-30', 29.116, N'Synthetic Model'),
        (168, 24, N'2026-07-10', 28.652, N'Synthetic Model'),
        (169, 25, N'2026-01-30', 36.144, N'Synthetic Model'),
        (170, 25, N'2026-02-27', 35.784, N'Synthetic Model'),
        (171, 25, N'2026-03-31', 37.008, N'Synthetic Model'),
        (172, 25, N'2026-04-30', 36.648, N'Synthetic Model'),
        (173, 25, N'2026-05-29', 36.288, N'Synthetic Model'),
        (174, 25, N'2026-06-30', 37.512, N'Synthetic Model'),
        (175, 25, N'2026-07-10', 37.152, N'Synthetic Model');

    SET IDENTITY_INSERT market.SecurityPrice OFF;
        PRINT N'Loaded 175 rows into market.SecurityPrice.';
    END
    ELSE
    BEGIN
        PRINT N'Skipped market.SecurityPrice; sample rows already exist.';
    END;

    IF NOT EXISTS (SELECT 1 FROM trading.AccountTransaction WHERE [TransactionID] = 1)
    BEGIN
    SET IDENTITY_INSERT trading.AccountTransaction ON;

    INSERT INTO trading.AccountTransaction ([TransactionID], [AccountID], [TransactionTypeID], [SecurityID], [TradeDate], [SettlementDate], [Quantity], [Price], [GrossAmount], [FeeAmount], [ExternalReference], [Notes])
    VALUES
        (1, 1, 1, NULL, N'2026-01-11', N'2026-01-12', NULL, NULL, 96250, 0, N'TXN-000001', N'Synthetic opening cash deposit'),
        (2, 1, 2, 17, N'2026-03-06', N'2026-03-08', 339, 57.3379, 19437.55, 2.5, N'TXN-000002', N'Synthetic purchase'),
        (3, 1, 2, 16, N'2026-03-09', N'2026-03-11', 384, 50.7453, 19486.2, 3.75, N'TXN-000003', N'Synthetic purchase'),
        (4, 1, 2, 18, N'2026-03-12', N'2026-03-14', 21656, 1.0, 21656.0, 5.0, N'TXN-000004', N'Synthetic purchase'),
        (5, 1, 2, 6, N'2026-03-15', N'2026-03-17', 241, 53.7207, 12946.69, 2.5, N'TXN-000005', N'Synthetic purchase'),
        (6, 1, 2, 9, N'2026-03-18', N'2026-03-20', 97, 44.6362, 4329.71, 3.75, N'TXN-000006', N'Synthetic purchase'),
        (7, 1, 2, 21, N'2026-03-21', N'2026-03-23', 158, 54.4961, 8610.38, 5.0, N'TXN-000007', N'Synthetic purchase'),
        (8, 2, 1, NULL, N'2026-01-14', N'2026-01-15', NULL, NULL, 117500, 0, N'TXN-000008', N'Synthetic opening cash deposit'),
        (9, 2, 2, 5, N'2026-03-11', N'2026-03-13', 535, 39.5051, 21135.23, 2.5, N'TXN-000009', N'Synthetic purchase'),
        (10, 2, 2, 4, N'2026-03-14', N'2026-03-16', 222, 95.19, 21132.18, 3.75, N'TXN-000010', N'Synthetic purchase'),
        (11, 2, 2, 12, N'2026-03-17', N'2026-03-19', 480, 32.9947, 15837.46, 5.0, N'TXN-000011', N'Synthetic purchase'),
        (12, 2, 2, 16, N'2026-03-20', N'2026-03-22', 619, 51.2034, 31694.9, 2.5, N'TXN-000012', N'Synthetic purchase'),
        (13, 2, 2, 21, N'2026-03-23', N'2026-03-25', 194, 54.4961, 10572.24, 3.75, N'TXN-000013', N'Synthetic purchase'),
        (14, 2, 2, 18, N'2026-03-26', N'2026-03-28', 5335, 0.991, 5286.98, 5.0, N'TXN-000014', N'Synthetic purchase'),
        (15, 2, 3, 5, N'2026-06-17', N'2026-06-19', 80, 41.0764, 3286.11, 4.95, N'TXN-000015', N'Synthetic partial sale'),
        (16, 3, 1, NULL, N'2026-01-17', N'2026-01-18', NULL, NULL, 138750, 0, N'TXN-000016', N'Synthetic opening cash deposit'),
        (17, 3, 2, 4, N'2026-03-16', N'2026-03-18', 360, 95.19, 34268.4, 2.5, N'TXN-000017', N'Synthetic purchase'),
        (18, 3, 2, 3, N'2026-03-19', N'2026-03-21', 468, 73.3313, 34319.05, 3.75, N'TXN-000018', N'Synthetic purchase'),
        (19, 3, 2, 11, N'2026-03-22', N'2026-03-24', 597, 41.8234, 24968.57, 5.0, N'TXN-000019', N'Synthetic purchase'),
        (20, 3, 2, 17, N'2026-03-25', N'2026-03-27', 214, 58.2032, 12455.48, 2.5, N'TXN-000020', N'Synthetic purchase'),
        (21, 3, 2, 20, N'2026-03-28', N'2026-03-30', 290, 43.0391, 12481.34, 3.75, N'TXN-000021', N'Synthetic purchase'),
        (22, 3, 2, 25, N'2026-03-31', N'2026-04-02', 169, 36.786, 6216.83, 5.0, N'TXN-000022', N'Synthetic purchase'),
        (23, 3, 4, NULL, N'2026-06-28', N'2026-06-28', NULL, NULL, 105.25, 0, N'TXN-000023', N'Synthetic dividend income'),
        (24, 4, 1, NULL, N'2026-01-20', N'2026-01-21', NULL, NULL, 88000, 0, N'TXN-000024', N'Synthetic opening cash deposit'),
        (25, 4, 2, 14, N'2026-03-21', N'2026-03-23', 218, 81.7244, 17815.92, 2.5, N'TXN-000025', N'Synthetic purchase'),
        (26, 4, 2, 15, N'2026-03-24', N'2026-03-26', 236, 75.2327, 17754.92, 3.75, N'TXN-000026', N'Synthetic purchase'),
        (27, 4, 2, 18, N'2026-03-27', N'2026-03-29', 19623, 1.009, 19799.61, 5.0, N'TXN-000027', N'Synthetic purchase'),
        (28, 4, 2, 8, N'2026-03-30', N'2026-04-01', 184, 64.5379, 11874.97, 2.5, N'TXN-000028', N'Synthetic purchase'),
        (29, 4, 2, 11, N'2026-04-02', N'2026-04-04', 96, 40.917, 3928.03, 3.75, N'TXN-000029', N'Synthetic purchase'),
        (30, 4, 2, 21, N'2026-04-05', N'2026-04-07', 152, 51.9836, 7901.51, 5.0, N'TXN-000030', N'Synthetic purchase'),
        (31, 4, 3, 14, N'2026-06-19', N'2026-06-21', 32, 76.991, 2463.71, 4.95, N'TXN-000031', N'Synthetic partial sale'),
        (32, 4, 5, NULL, N'2026-06-30', N'2026-06-30', NULL, NULL, 51.0, 0, N'TXN-000032', N'Synthetic advisory fee'),
        (33, 5, 1, NULL, N'2026-01-23', N'2026-01-24', NULL, NULL, 109250, 0, N'TXN-000033', N'Synthetic opening cash deposit'),
        (34, 5, 2, 16, N'2026-01-23', N'2026-01-25', 422, 52.3321, 22084.15, 2.5, N'TXN-000034', N'Synthetic purchase'),
        (35, 5, 2, 15, N'2026-01-26', N'2026-01-28', 285, 77.6042, 22117.2, 3.75, N'TXN-000035', N'Synthetic purchase'),
        (36, 5, 2, 19, N'2026-01-29', N'2026-01-31', 248, 99.1, 24576.8, 5.0, N'TXN-000036', N'Synthetic purchase'),
        (37, 5, 2, 1, N'2026-02-01', N'2026-02-03', 242, 60.8885, 14735.02, 2.5, N'TXN-000037', N'Synthetic purchase'),
        (38, 5, 2, 12, N'2026-02-04', N'2026-02-06', 155, 31.5212, 4885.79, 3.75, N'TXN-000038', N'Synthetic purchase'),
        (39, 5, 2, 21, N'2026-02-07', N'2026-02-09', 175, 55.88, 9779.0, 5.0, N'TXN-000039', N'Synthetic purchase'),
        (40, 6, 1, NULL, N'2026-01-26', N'2026-01-27', NULL, NULL, 130500, 0, N'TXN-000040', N'Synthetic opening cash deposit'),
        (41, 6, 2, 5, N'2026-03-31', N'2026-04-02', 589, 39.8232, 23455.86, 2.5, N'TXN-000041', N'Synthetic purchase'),
        (42, 6, 2, 6, N'2026-04-03', N'2026-04-05', 441, 53.181, 23452.82, 3.75, N'TXN-000042', N'Synthetic purchase'),
        (43, 6, 2, 11, N'2026-04-06', N'2026-04-08', 430, 40.917, 17594.31, 5.0, N'TXN-000043', N'Synthetic purchase'),
        (44, 6, 2, 14, N'2026-04-09', N'2026-04-11', 429, 82.073, 35209.32, 2.5, N'TXN-000044', N'Synthetic purchase'),
        (45, 6, 2, 20, N'2026-04-12', N'2026-04-14', 258, 45.408, 11715.26, 3.75, N'TXN-000045', N'Synthetic purchase'),
        (46, 6, 2, 19, N'2026-04-15', N'2026-04-17', 56, 103.9108, 5819.0, 5.0, N'TXN-000046', N'Synthetic purchase'),
        (47, 6, 3, 5, N'2026-06-21', N'2026-06-23', 88, 41.0764, 3614.72, 4.95, N'TXN-000047', N'Synthetic partial sale'),
        (48, 6, 4, NULL, N'2026-06-28', N'2026-06-28', NULL, NULL, 125.5, 0, N'TXN-000048', N'Synthetic dividend income'),
        (49, 7, 1, NULL, N'2026-01-29', N'2026-01-30', NULL, NULL, 151750, 0, N'TXN-000049', N'Synthetic opening cash deposit'),
        (50, 7, 2, 2, N'2026-04-05', N'2026-04-07', 792, 47.3777, 37523.14, 2.5, N'TXN-000050', N'Synthetic purchase'),
        (51, 7, 2, 7, N'2026-04-08', N'2026-04-10', 351, 106.8033, 37487.96, 3.75, N'TXN-000051', N'Synthetic purchase'),
        (52, 7, 2, 11, N'2026-04-11', N'2026-04-13', 665, 41.0405, 27291.93, 5.0, N'TXN-000052', N'Synthetic purchase'),
        (53, 7, 2, 17, N'2026-04-14', N'2026-04-16', 240, 56.772, 13625.28, 2.5, N'TXN-000053', N'Synthetic purchase'),
        (54, 7, 2, 21, N'2026-04-17', N'2026-04-19', 261, 52.2964, 13649.36, 3.75, N'TXN-000054', N'Synthetic purchase'),
        (55, 7, 2, 25, N'2026-04-20', N'2026-04-22', 183, 37.23, 6813.09, 5.0, N'TXN-000055', N'Synthetic purchase'),
        (56, 8, 1, NULL, N'2026-02-01', N'2026-02-02', NULL, NULL, 101000, 0, N'TXN-000056', N'Synthetic opening cash deposit'),
        (57, 8, 2, 7, N'2026-04-10', N'2026-04-12', 269, 106.8033, 28730.09, 2.5, N'TXN-000057', N'Synthetic purchase'),
        (58, 8, 2, 5, N'2026-04-13', N'2026-04-15', 732, 39.3496, 28803.91, 3.75, N'TXN-000058', N'Synthetic purchase'),
        (59, 8, 2, 9, N'2026-04-16', N'2026-04-18', 391, 45.36, 17735.76, 5.0, N'TXN-000059', N'Synthetic purchase'),
        (60, 8, 2, 23, N'2026-04-19', N'2026-04-21', 144, 30.7199, 4423.67, 2.5, N'TXN-000060', N'Synthetic purchase'),
        (61, 8, 2, 24, N'2026-04-22', N'2026-04-24', 301, 29.4074, 8851.63, 3.75, N'TXN-000061', N'Synthetic purchase'),
        (62, 8, 2, 22, N'2026-04-25', N'2026-04-27', 90, 24.4178, 2197.6, 5.0, N'TXN-000062', N'Synthetic purchase'),
        (63, 8, 3, 7, N'2026-06-23', N'2026-06-25', 40, 105.3079, 4212.32, 4.95, N'TXN-000063', N'Synthetic partial sale'),
        (64, 8, 5, NULL, N'2026-06-30', N'2026-06-30', NULL, NULL, 57.0, 0, N'TXN-000064', N'Synthetic advisory fee'),
        (65, 9, 1, NULL, N'2026-01-10', N'2026-01-11', NULL, NULL, 122250, 0, N'TXN-000065', N'Synthetic opening cash deposit'),
        (66, 9, 2, 13, N'2026-04-15', N'2026-04-17', 242, 102.0051, 24685.23, 2.5, N'TXN-000066', N'Synthetic purchase'),
        (67, 9, 2, 17, N'2026-04-18', N'2026-04-20', 436, 56.772, 24752.59, 3.75, N'TXN-000067', N'Synthetic purchase'),
        (68, 9, 2, 18, N'2026-04-21', N'2026-04-23', 27423, 1.003, 27505.27, 5.0, N'TXN-000068', N'Synthetic purchase'),
        (69, 9, 2, 6, N'2026-04-24', N'2026-04-26', 305, 53.986, 16465.73, 2.5, N'TXN-000069', N'Synthetic purchase'),
        (70, 9, 2, 11, N'2026-04-27', N'2026-04-29', 132, 41.5345, 5482.55, 3.75, N'TXN-000070', N'Synthetic purchase'),
        (71, 9, 2, 21, N'2026-04-30', N'2026-05-02', 210, 52.2158, 10965.32, 5.0, N'TXN-000071', N'Synthetic purchase'),
        (72, 9, 4, NULL, N'2026-06-28', N'2026-06-28', NULL, NULL, 145.75, 0, N'TXN-000072', N'Synthetic dividend income'),
        (73, 10, 1, NULL, N'2026-01-13', N'2026-01-14', NULL, NULL, 143500, 0, N'TXN-000073', N'Synthetic opening cash deposit'),
        (74, 10, 2, 4, N'2026-01-13', N'2026-01-15', 268, 96.14, 25765.52, 2.5, N'TXN-000074', N'Synthetic purchase'),
        (75, 10, 2, 5, N'2026-01-16', N'2026-01-18', 647, 39.8993, 25814.85, 3.75, N'TXN-000075', N'Synthetic purchase'),
        (76, 10, 2, 11, N'2026-01-19', N'2026-01-21', 479, 40.4211, 19361.71, 5.0, N'TXN-000076', N'Synthetic purchase'),
        (77, 10, 2, 13, N'2026-01-22', N'2026-01-24', 393, 98.4865, 38705.19, 2.5, N'TXN-000077', N'Synthetic purchase'),
        (78, 10, 2, 20, N'2026-01-25', N'2026-01-27', 300, 42.9539, 12886.17, 3.75, N'TXN-000078', N'Synthetic purchase'),
        (79, 10, 2, 19, N'2026-01-28', N'2026-01-30', 64, 99.4, 6361.6, 5.0, N'TXN-000079', N'Synthetic purchase'),
        (80, 10, 3, 4, N'2026-02-25', N'2026-02-27', 40, 96.6207, 3864.83, 4.95, N'TXN-000080', N'Synthetic partial sale'),
        (81, 11, 1, NULL, N'2026-01-16', N'2026-01-17', NULL, NULL, 164750, 0, N'TXN-000081', N'Synthetic opening cash deposit'),
        (82, 11, 2, 8, N'2026-04-25', N'2026-04-27', 614, 66.3946, 40766.28, 2.5, N'TXN-000082', N'Synthetic purchase'),
        (83, 11, 2, 1, N'2026-04-28', N'2026-04-30', 669, 60.8751, 40725.44, 3.75, N'TXN-000083', N'Synthetic purchase'),
        (84, 11, 2, 12, N'2026-05-01', N'2026-05-03', 900, 32.9338, 29640.42, 5.0, N'TXN-000084', N'Synthetic purchase'),
        (85, 11, 2, 14, N'2026-05-04', N'2026-05-06', 188, 78.7488, 14804.77, 2.5, N'TXN-000085', N'Synthetic purchase'),
        (86, 11, 2, 20, N'2026-05-07', N'2026-05-09', 327, 45.221, 14787.27, 3.75, N'TXN-000086', N'Synthetic purchase'),
        (87, 11, 2, 25, N'2026-05-10', N'2026-05-12', 202, 36.5381, 7380.7, 5.0, N'TXN-000087', N'Synthetic purchase'),
        (88, 12, 1, NULL, N'2026-01-19', N'2026-01-20', NULL, NULL, 114000, 0, N'TXN-000088', N'Synthetic opening cash deposit'),
        (89, 12, 2, 13, N'2026-04-30', N'2026-05-02', 223, 103.123, 22996.43, 2.5, N'TXN-000089', N'Synthetic purchase'),
        (90, 12, 2, 17, N'2026-05-03', N'2026-05-05', 409, 56.3627, 23052.34, 3.75, N'TXN-000090', N'Synthetic purchase'),
        (91, 12, 2, 18, N'2026-05-06', N'2026-05-08', 25882, 0.991, 25649.06, 5.0, N'TXN-000091', N'Synthetic purchase'),
        (92, 12, 2, 2, N'2026-05-09', N'2026-05-11', 331, 46.4715, 15382.07, 2.5, N'TXN-000092', N'Synthetic purchase'),
        (93, 12, 2, 12, N'2026-05-12', N'2026-05-14', 157, 32.5421, 5109.11, 3.75, N'TXN-000093', N'Synthetic purchase'),
        (94, 12, 2, 20, N'2026-05-15', N'2026-05-17', 225, 45.494, 10236.15, 5.0, N'TXN-000094', N'Synthetic purchase'),
        (95, 12, 3, 13, N'2026-06-27', N'2026-06-29', 33, 107.5511, 3549.19, 4.95, N'TXN-000095', N'Synthetic partial sale'),
        (96, 12, 4, NULL, N'2026-06-28', N'2026-06-28', NULL, NULL, 166.0, 0, N'TXN-000096', N'Synthetic dividend income'),
        (97, 12, 5, NULL, N'2026-06-30', N'2026-06-30', NULL, NULL, 63.0, 0, N'TXN-000097', N'Synthetic advisory fee'),
        (98, 13, 1, NULL, N'2026-01-22', N'2026-01-23', NULL, NULL, 135250, 0, N'TXN-000098', N'Synthetic opening cash deposit'),
        (99, 13, 2, 14, N'2026-05-05', N'2026-05-07', 341, 80.1792, 27341.11, 2.5, N'TXN-000099', N'Synthetic purchase'),
        (100, 13, 2, 13, N'2026-05-08', N'2026-05-10', 269, 101.5854, 27326.47, 3.75, N'TXN-000100', N'Synthetic purchase'),
        (101, 13, 2, 19, N'2026-05-11', N'2026-05-13', 296, 102.5808, 30363.92, 5.0, N'TXN-000101', N'Synthetic purchase'),
        (102, 13, 2, 5, N'2026-05-14', N'2026-05-16', 446, 40.9049, 18243.59, 2.5, N'TXN-000102', N'Synthetic purchase'),
        (103, 13, 2, 9, N'2026-05-17', N'2026-05-19', 137, 44.37, 6078.69, 3.75, N'TXN-000103', N'Synthetic purchase'),
        (104, 13, 2, 21, N'2026-05-20', N'2026-05-22', 230, 52.8481, 12155.06, 5.0, N'TXN-000104', N'Synthetic purchase'),
        (105, 14, 1, NULL, N'2026-01-25', N'2026-01-26', NULL, NULL, 156500, 0, N'TXN-000105', N'Synthetic opening cash deposit'),
        (106, 14, 2, 8, N'2026-05-10', N'2026-05-12', 441, 63.7411, 28109.83, 2.5, N'TXN-000106', N'Synthetic purchase'),
        (107, 14, 2, 4, N'2026-05-13', N'2026-05-15', 290, 96.8852, 28096.71, 3.75, N'TXN-000107', N'Synthetic purchase'),
        (108, 14, 2, 12, N'2026-05-16', N'2026-05-18', 649, 32.5421, 21119.82, 5.0, N'TXN-000108', N'Synthetic purchase'),
        (109, 14, 2, 13, N'2026-05-19', N'2026-05-21', 412, 102.508, 42233.3, 2.5, N'TXN-000109', N'Synthetic purchase'),
        (110, 14, 2, 20, N'2026-05-22', N'2026-05-24', 308, 45.6305, 14054.19, 3.75, N'TXN-000110', N'Synthetic purchase'),
        (111, 14, 2, 19, N'2026-05-25', N'2026-05-27', 67, 103.8192, 6955.89, 5.0, N'TXN-000111', N'Synthetic purchase'),
        (112, 14, 3, 8, N'2026-06-29', N'2026-07-01', 66, 62.7562, 4141.91, 4.95, N'TXN-000112', N'Synthetic partial sale'),
        (113, 15, 1, NULL, N'2026-01-28', N'2026-01-29', NULL, NULL, 177750, 0, N'TXN-000113', N'Synthetic opening cash deposit'),
        (114, 15, 2, 7, N'2026-01-28', N'2026-01-30', 401, 109.4513, 43889.97, 2.5, N'TXN-000114', N'Synthetic purchase'),
        (115, 15, 2, 3, N'2026-01-31', N'2026-02-02', 593, 74.0731, 43925.35, 3.75, N'TXN-000115', N'Synthetic purchase'),
        (116, 15, 2, 12, N'2026-02-03', N'2026-02-05', 1011, 31.616, 31963.78, 5.0, N'TXN-000116', N'Synthetic purchase'),
        (117, 15, 2, 14, N'2026-02-06', N'2026-02-08', 189, 84.589, 15987.32, 2.5, N'TXN-000117', N'Synthetic purchase'),
        (118, 15, 2, 20, N'2026-02-09', N'2026-02-11', 366, 43.6041, 15959.1, 3.75, N'TXN-000118', N'Synthetic purchase'),
        (119, 15, 2, 25, N'2026-02-12', N'2026-02-14', 219, 36.4693, 7986.78, 5.0, N'TXN-000119', N'Synthetic purchase'),
        (120, 15, 4, NULL, N'2026-02-26', N'2026-02-26', NULL, NULL, 186.25, 0, N'TXN-000120', N'Synthetic dividend income'),
        (121, 16, 1, NULL, N'2026-01-31', N'2026-02-01', NULL, NULL, 127000, 0, N'TXN-000121', N'Synthetic opening cash deposit'),
        (122, 16, 2, 5, N'2026-05-20', N'2026-05-22', 864, 40.9049, 35341.83, 2.5, N'TXN-000122', N'Synthetic purchase'),
        (123, 16, 2, 1, N'2026-05-23', N'2026-05-25', 601, 58.776, 35324.38, 3.75, N'TXN-000123', N'Synthetic purchase'),
        (124, 16, 2, 10, N'2026-05-26', N'2026-05-28', 579, 37.5563, 21745.1, 5.0, N'TXN-000124', N'Synthetic purchase'),
        (125, 16, 2, 22, N'2026-05-29', N'2026-05-31', 226, 24.0434, 5433.81, 2.5, N'TXN-000125', N'Synthetic purchase'),
        (126, 16, 2, 24, N'2026-06-01', N'2026-06-03', 364, 29.8462, 10864.02, 3.75, N'TXN-000126', N'Synthetic purchase'),
        (127, 16, 2, 25, N'2026-06-04', N'2026-06-06', 151, 35.9614, 5430.17, 5.0, N'TXN-000127', N'Synthetic purchase'),
        (128, 16, 3, 5, N'2026-07-01', N'2026-07-03', 129, 40.9196, 5278.63, 4.95, N'TXN-000128', N'Synthetic partial sale'),
        (129, 16, 5, NULL, N'2026-06-30', N'2026-06-30', NULL, NULL, 69.0, 0, N'TXN-000129', N'Synthetic advisory fee'),
        (130, 17, 1, NULL, N'2026-01-09', N'2026-01-10', NULL, NULL, 148250, 0, N'TXN-000130', N'Synthetic opening cash deposit'),
        (131, 17, 2, 13, N'2026-05-25', N'2026-05-27', 292, 102.508, 29932.34, 2.5, N'TXN-000131', N'Synthetic purchase'),
        (132, 17, 2, 14, N'2026-05-28', N'2026-05-30', 376, 79.7024, 29968.1, 3.75, N'TXN-000132', N'Synthetic purchase'),
        (133, 17, 2, 18, N'2026-05-31', N'2026-06-02', 33157, 1.006, 33355.94, 5.0, N'TXN-000133', N'Synthetic purchase'),
        (134, 17, 2, 5, N'2026-06-03', N'2026-06-05', 485, 41.2398, 20001.3, 2.5, N'TXN-000134', N'Synthetic purchase'),
        (135, 17, 2, 11, N'2026-06-06', N'2026-06-08', 159, 41.7687, 6641.22, 3.75, N'TXN-000135', N'Synthetic purchase'),
        (136, 17, 2, 20, N'2026-06-09', N'2026-06-11', 294, 45.3065, 13320.11, 5.0, N'TXN-000136', N'Synthetic purchase'),
        (137, 18, 1, NULL, N'2026-01-12', N'2026-01-13', NULL, NULL, 169500, 0, N'TXN-000137', N'Synthetic opening cash deposit'),
        (138, 18, 2, 1, N'2026-05-30', N'2026-06-01', 508, 59.9473, 30453.23, 2.5, N'TXN-000138', N'Synthetic purchase'),
        (139, 18, 2, 5, N'2026-06-02', N'2026-06-04', 742, 41.1172, 30508.96, 3.75, N'TXN-000139', N'Synthetic purchase'),
        (140, 18, 2, 10, N'2026-06-05', N'2026-06-07', 615, 37.1837, 22867.98, 5.0, N'TXN-000140', N'Synthetic purchase'),
        (141, 18, 2, 14, N'2026-06-08', N'2026-06-10', 602, 75.9185, 45702.94, 2.5, N'TXN-000141', N'Synthetic purchase'),
        (142, 18, 2, 20, N'2026-06-11', N'2026-06-13', 336, 45.3065, 15222.98, 3.75, N'TXN-000142', N'Synthetic purchase'),
        (143, 18, 2, 19, N'2026-06-14', N'2026-06-16', 74, 102.4916, 7584.38, 5.0, N'TXN-000143', N'Synthetic purchase'),
        (144, 18, 3, 1, N'2026-07-03', N'2026-07-05', 76, 58.3222, 4432.49, 4.95, N'TXN-000144', N'Synthetic partial sale'),
        (145, 18, 4, NULL, N'2026-06-28', N'2026-06-28', NULL, NULL, 206.5, 0, N'TXN-000145', N'Synthetic dividend income'),
        (146, 19, 1, NULL, N'2026-01-15', N'2026-01-16', NULL, NULL, 190750, 0, N'TXN-000146', N'Synthetic opening cash deposit'),
        (147, 19, 2, 8, N'2026-06-04', N'2026-06-06', 751, 62.8187, 47176.84, 2.5, N'TXN-000147', N'Synthetic purchase'),
        (148, 19, 2, 3, N'2026-06-07', N'2026-06-09', 642, 73.4713, 47168.57, 3.75, N'TXN-000148', N'Synthetic purchase'),
        (149, 19, 2, 10, N'2026-06-10', N'2026-06-12', 940, 36.5203, 34329.08, 5.0, N'TXN-000149', N'Synthetic purchase'),
        (150, 19, 2, 17, N'2026-06-13', N'2026-06-15', 300, 57.1113, 17133.39, 2.5, N'TXN-000150', N'Synthetic purchase'),
        (151, 19, 2, 20, N'2026-06-16', N'2026-06-18', 377, 45.4433, 17132.12, 3.75, N'TXN-000151', N'Synthetic purchase'),
        (152, 19, 2, 24, N'2026-06-19', N'2026-06-21', 290, 29.58, 8578.2, 5.0, N'TXN-000152', N'Synthetic purchase'),
        (153, 20, 1, NULL, N'2026-01-18', N'2026-01-19', NULL, NULL, 140000, 0, N'TXN-000153', N'Synthetic opening cash deposit'),
        (154, 20, 2, 17, N'2026-01-18', N'2026-01-20', 500, 56.5928, 28296.4, 2.5, N'TXN-000154', N'Synthetic purchase'),
        (155, 20, 2, 13, N'2026-01-21', N'2026-01-23', 293, 96.7295, 28341.74, 3.75, N'TXN-000155', N'Synthetic purchase'),
        (156, 20, 2, 19, N'2026-01-24', N'2026-01-26', 316, 99.4, 31410.4, 5.0, N'TXN-000156', N'Synthetic purchase'),
        (157, 20, 2, 1, N'2026-01-27', N'2026-01-29', 309, 61.0722, 18871.31, 2.5, N'TXN-000157', N'Synthetic purchase'),
        (158, 20, 2, 10, N'2026-01-30', N'2026-02-01', 167, 37.592, 6277.86, 3.75, N'TXN-000158', N'Synthetic purchase'),
        (159, 20, 2, 20, N'2026-02-02', N'2026-02-04', 289, 43.474, 12563.99, 5.0, N'TXN-000159', N'Synthetic purchase'),
        (160, 20, 3, 17, N'2026-02-25', N'2026-02-27', 75, 56.3684, 4227.63, 4.95, N'TXN-000160', N'Synthetic partial sale'),
        (161, 20, 5, NULL, N'2026-02-27', N'2026-02-27', NULL, NULL, 75.0, 0, N'TXN-000161', N'Synthetic advisory fee'),
        (162, 21, 1, NULL, N'2026-01-21', N'2026-01-22', NULL, NULL, 161250, 0, N'TXN-000162', N'Synthetic opening cash deposit'),
        (163, 21, 2, 16, N'2026-03-06', N'2026-03-08', 647, 50.4399, 32634.62, 2.5, N'TXN-000163', N'Synthetic purchase'),
        (164, 21, 2, 13, N'2026-03-09', N'2026-03-11', 335, 97.2172, 32567.76, 3.75, N'TXN-000164', N'Synthetic purchase'),
        (165, 21, 2, 18, N'2026-03-12', N'2026-03-14', 36390, 0.997, 36280.83, 5.0, N'TXN-000165', N'Synthetic purchase'),
        (166, 21, 2, 6, N'2026-03-15', N'2026-03-17', 406, 53.56, 21745.36, 2.5, N'TXN-000166', N'Synthetic purchase'),
        (167, 21, 2, 11, N'2026-03-18', N'2026-03-20', 174, 41.6987, 7255.57, 3.75, N'TXN-000167', N'Synthetic purchase'),
        (168, 21, 2, 20, N'2026-03-21', N'2026-03-23', 332, 43.6906, 14505.28, 5.0, N'TXN-000168', N'Synthetic purchase'),
        (169, 21, 4, NULL, N'2026-06-28', N'2026-06-28', NULL, NULL, 226.75, 0, N'TXN-000169', N'Synthetic dividend income'),
        (170, 22, 1, NULL, N'2026-01-24', N'2026-01-25', NULL, NULL, 182500, 0, N'TXN-000170', N'Synthetic opening cash deposit'),
        (171, 22, 2, 1, N'2026-03-11', N'2026-03-13', 530, 61.8745, 32793.49, 2.5, N'TXN-000171', N'Synthetic purchase'),
        (172, 22, 2, 2, N'2026-03-14', N'2026-03-16', 704, 46.6117, 32814.64, 3.75, N'TXN-000172', N'Synthetic purchase'),
        (173, 22, 2, 9, N'2026-03-17', N'2026-03-19', 555, 44.37, 24625.35, 5.0, N'TXN-000173', N'Synthetic purchase'),
        (174, 22, 2, 17, N'2026-03-20', N'2026-03-22', 851, 57.8571, 49236.39, 2.5, N'TXN-000174', N'Synthetic purchase'),
        (175, 22, 2, 20, N'2026-03-23', N'2026-03-25', 375, 43.6906, 16383.98, 3.75, N'TXN-000175', N'Synthetic purchase'),
        (176, 22, 2, 19, N'2026-03-26', N'2026-03-28', 81, 100.4964, 8140.21, 5.0, N'TXN-000176', N'Synthetic purchase'),
        (177, 22, 3, 1, N'2026-06-17', N'2026-06-19', 79, 60.0668, 4745.28, 4.95, N'TXN-000177', N'Synthetic partial sale'),
        (178, 23, 1, NULL, N'2026-01-27', N'2026-01-28', NULL, NULL, 203750, 0, N'TXN-000178', N'Synthetic opening cash deposit'),
        (179, 23, 2, 1, N'2026-03-16', N'2026-03-18', 812, 62.0613, 50393.78, 2.5, N'TXN-000179', N'Synthetic purchase'),
        (180, 23, 2, 3, N'2026-03-19', N'2026-03-21', 689, 73.112, 50374.17, 3.75, N'TXN-000180', N'Synthetic purchase'),
        (181, 23, 2, 11, N'2026-03-22', N'2026-03-24', 879, 41.6987, 36653.16, 5.0, N'TXN-000181', N'Synthetic purchase'),
        (182, 23, 2, 13, N'2026-03-25', N'2026-03-27', 186, 98.3908, 18300.69, 2.5, N'TXN-000182', N'Synthetic purchase'),
        (183, 23, 2, 20, N'2026-03-28', N'2026-03-30', 418, 43.8209, 18317.14, 3.75, N'TXN-000183', N'Synthetic purchase'),
        (184, 23, 2, 25, N'2026-03-31', N'2026-04-02', 250, 36.6749, 9168.73, 5.0, N'TXN-000184', N'Synthetic purchase'),
        (185, 24, 1, NULL, N'2026-01-30', N'2026-01-31', NULL, NULL, 153000, 0, N'TXN-000185', N'Synthetic opening cash deposit'),
        (186, 24, 2, 5, N'2026-03-21', N'2026-03-23', 1101, 39.624, 43626.02, 2.5, N'TXN-000186', N'Synthetic purchase'),
        (187, 24, 2, 7, N'2026-03-24', N'2026-03-26', 391, 111.5557, 43618.28, 3.75, N'TXN-000187', N'Synthetic purchase'),
        (188, 24, 2, 10, N'2026-03-27', N'2026-03-29', 721, 37.222, 26837.06, 5.0, N'TXN-000188', N'Synthetic purchase'),
        (189, 24, 2, 23, N'2026-03-30', N'2026-04-01', 212, 31.5918, 6697.46, 2.5, N'TXN-000189', N'Synthetic purchase'),
        (190, 24, 2, 25, N'2026-04-02', N'2026-04-04', 366, 36.6749, 13423.01, 3.75, N'TXN-000190', N'Synthetic purchase'),
        (191, 24, 2, 22, N'2026-04-05', N'2026-04-07', 139, 24.0548, 3343.62, 5.0, N'TXN-000191', N'Synthetic purchase'),
        (192, 24, 3, 5, N'2026-06-19', N'2026-06-21', 165, 41.0764, 6777.61, 4.95, N'TXN-000192', N'Synthetic partial sale'),
        (193, 24, 4, NULL, N'2026-06-28', N'2026-06-28', NULL, NULL, 247.0, 0, N'TXN-000193', N'Synthetic dividend income'),
        (194, 24, 5, NULL, N'2026-06-30', N'2026-06-30', NULL, NULL, 81.0, 0, N'TXN-000194', N'Synthetic advisory fee'),
        (195, 25, 1, NULL, N'2026-01-08', N'2026-01-09', NULL, NULL, 174250, 0, N'TXN-000195', N'Synthetic opening cash deposit'),
        (196, 25, 2, 16, N'2026-01-08', N'2026-01-10', 676, 52.1761, 35271.04, 2.5, N'TXN-000196', N'Synthetic purchase'),
        (197, 25, 2, 14, N'2026-01-11', N'2026-01-13', 415, 84.842, 35209.43, 3.75, N'TXN-000197', N'Synthetic purchase'),
        (198, 25, 2, 19, N'2026-01-14', N'2026-01-16', 388, 100.9, 39149.2, 5.0, N'TXN-000198', N'Synthetic purchase'),
        (199, 25, 2, 2, N'2026-01-17', N'2026-01-19', 496, 47.3777, 23499.34, 2.5, N'TXN-000199', N'Synthetic purchase'),
        (200, 25, 2, 12, N'2026-01-20', N'2026-01-22', 249, 31.4263, 7825.15, 3.75, N'TXN-000200', N'Synthetic purchase');

    INSERT INTO trading.AccountTransaction ([TransactionID], [AccountID], [TransactionTypeID], [SecurityID], [TradeDate], [SettlementDate], [Quantity], [Price], [GrossAmount], [FeeAmount], [ExternalReference], [Notes])
    VALUES
        (201, 25, 2, 20, N'2026-01-23', N'2026-01-25', 362, 43.214, 15643.47, 5.0, N'TXN-000201', N'Synthetic purchase'),
        (202, 26, 1, NULL, N'2026-01-11', N'2026-01-12', NULL, NULL, 195500, 0, N'TXN-000202', N'Synthetic opening cash deposit'),
        (203, 26, 2, 8, N'2026-03-31', N'2026-04-02', 528, 66.5932, 35161.21, 2.5, N'TXN-000203', N'Synthetic purchase'),
        (204, 26, 2, 5, N'2026-04-03', N'2026-04-05', 883, 39.8232, 35163.89, 3.75, N'TXN-000204', N'Synthetic purchase'),
        (205, 26, 2, 10, N'2026-04-06', N'2026-04-08', 731, 36.0803, 26374.7, 5.0, N'TXN-000205', N'Synthetic purchase'),
        (206, 26, 2, 17, N'2026-04-09', N'2026-04-11', 935, 56.4314, 52763.36, 2.5, N'TXN-000206', N'Synthetic purchase'),
        (207, 26, 2, 21, N'2026-04-12', N'2026-04-14', 338, 51.9836, 17570.46, 3.75, N'TXN-000207', N'Synthetic purchase'),
        (208, 26, 2, 18, N'2026-04-15', N'2026-04-17', 8797, 1.0, 8797.0, 5.0, N'TXN-000208', N'Synthetic purchase'),
        (209, 26, 3, 8, N'2026-06-21', N'2026-06-23', 79, 62.7562, 4957.74, 4.95, N'TXN-000209', N'Synthetic partial sale'),
        (210, 27, 1, NULL, N'2026-01-14', N'2026-01-15', NULL, NULL, 216750, 0, N'TXN-000210', N'Synthetic opening cash deposit'),
        (211, 27, 2, 6, N'2026-04-05', N'2026-04-07', 990, 54.147, 53605.53, 2.5, N'TXN-000211', N'Synthetic purchase'),
        (212, 27, 2, 4, N'2026-04-08', N'2026-04-10', 574, 93.3918, 53606.89, 3.75, N'TXN-000212', N'Synthetic purchase'),
        (213, 27, 2, 12, N'2026-04-11', N'2026-04-13', 1197, 32.5714, 38987.97, 5.0, N'TXN-000213', N'Synthetic purchase'),
        (214, 27, 2, 16, N'2026-04-14', N'2026-04-16', 393, 49.6267, 19503.29, 2.5, N'TXN-000214', N'Synthetic purchase'),
        (215, 27, 2, 20, N'2026-04-17', N'2026-04-19', 429, 45.408, 19480.03, 3.75, N'TXN-000215', N'Synthetic purchase'),
        (216, 27, 2, 24, N'2026-04-20', N'2026-04-22', 332, 29.3197, 9734.14, 5.0, N'TXN-000216', N'Synthetic purchase'),
        (217, 27, 4, NULL, N'2026-06-28', N'2026-06-28', NULL, NULL, 267.25, 0, N'TXN-000217', N'Synthetic dividend income'),
        (218, 28, 1, NULL, N'2026-01-17', N'2026-01-18', NULL, NULL, 166000, 0, N'TXN-000218', N'Synthetic opening cash deposit'),
        (219, 28, 2, 16, N'2026-04-10', N'2026-04-12', 681, 49.328, 33592.37, 2.5, N'TXN-000219', N'Synthetic purchase'),
        (220, 28, 2, 13, N'2026-04-13', N'2026-04-15', 330, 101.6981, 33560.37, 3.75, N'TXN-000220', N'Synthetic purchase'),
        (221, 28, 2, 18, N'2026-04-16', N'2026-04-18', 37462, 0.997, 37349.61, 5.0, N'TXN-000221', N'Synthetic purchase'),
        (222, 28, 2, 4, N'2026-04-19', N'2026-04-21', 237, 94.24, 22334.88, 2.5, N'TXN-000222', N'Synthetic purchase'),
        (223, 28, 2, 9, N'2026-04-22', N'2026-04-24', 164, 45.4961, 7461.36, 3.75, N'TXN-000223', N'Synthetic purchase'),
        (224, 28, 2, 20, N'2026-04-25', N'2026-04-27', 327, 45.6804, 14937.49, 5.0, N'TXN-000224', N'Synthetic purchase'),
        (225, 28, 3, 16, N'2026-06-23', N'2026-06-25', 102, 50.0249, 5102.54, 4.95, N'TXN-000225', N'Synthetic partial sale'),
        (226, 28, 5, NULL, N'2026-06-30', N'2026-06-30', NULL, NULL, 87.0, 0, N'TXN-000226', N'Synthetic advisory fee'),
        (227, 29, 1, NULL, N'2026-01-20', N'2026-01-21', NULL, NULL, 187250, 0, N'TXN-000227', N'Synthetic opening cash deposit'),
        (228, 29, 2, 15, N'2026-04-15', N'2026-04-17', 525, 72.2201, 37915.55, 2.5, N'TXN-000228', N'Synthetic purchase'),
        (229, 29, 2, 16, N'2026-04-18', N'2026-04-20', 764, 49.6267, 37914.8, 3.75, N'TXN-000229', N'Synthetic purchase'),
        (230, 29, 2, 19, N'2026-04-21', N'2026-04-23', 406, 103.6, 42061.6, 5.0, N'TXN-000230', N'Synthetic purchase'),
        (231, 29, 2, 8, N'2026-04-24', N'2026-04-26', 380, 66.3946, 25229.95, 2.5, N'TXN-000231', N'Synthetic purchase'),
        (232, 29, 2, 9, N'2026-04-27', N'2026-04-29', 184, 45.6322, 8396.32, 3.75, N'TXN-000232', N'Synthetic purchase'),
        (233, 29, 2, 20, N'2026-04-30', N'2026-05-02', 367, 45.9034, 16846.55, 5.0, N'TXN-000233', N'Synthetic purchase'),
        (234, 30, 1, NULL, N'2026-01-23', N'2026-01-24', NULL, NULL, 208500, 0, N'TXN-000234', N'Synthetic opening cash deposit'),
        (235, 30, 2, 6, N'2026-01-23', N'2026-01-25', 735, 51.0145, 37495.66, 2.5, N'TXN-000235', N'Synthetic purchase'),
        (236, 30, 2, 4, N'2026-01-26', N'2026-01-28', 390, 96.14, 37494.6, 3.75, N'TXN-000236', N'Synthetic purchase'),
        (237, 30, 2, 10, N'2026-01-29', N'2026-01-31', 746, 37.7048, 28127.78, 5.0, N'TXN-000237', N'Synthetic purchase'),
        (238, 30, 2, 16, N'2026-02-01', N'2026-02-03', 1075, 52.3321, 56257.01, 2.5, N'TXN-000238', N'Synthetic purchase'),
        (239, 30, 2, 20, N'2026-02-04', N'2026-02-06', 429, 43.7341, 18761.93, 3.75, N'TXN-000239', N'Synthetic purchase'),
        (240, 30, 2, 19, N'2026-02-07', N'2026-02-09', 94, 99.1, 9315.4, 5.0, N'TXN-000240', N'Synthetic purchase'),
        (241, 30, 3, 6, N'2026-02-25', N'2026-02-27', 110, 51.4238, 5656.62, 4.95, N'TXN-000241', N'Synthetic partial sale'),
        (242, 30, 4, NULL, N'2026-02-26', N'2026-02-26', NULL, NULL, 287.5, 0, N'TXN-000242', N'Synthetic dividend income'),
        (243, 31, 1, NULL, N'2026-01-26', N'2026-01-27', NULL, NULL, 193750, 0, N'TXN-000243', N'Synthetic opening cash deposit'),
        (244, 31, 2, 14, N'2026-04-25', N'2026-04-27', 476, 82.32, 39184.32, 2.5, N'TXN-000244', N'Synthetic purchase'),
        (245, 31, 2, 13, N'2026-04-28', N'2026-04-30', 382, 102.6189, 39200.42, 3.75, N'TXN-000245', N'Synthetic purchase'),
        (246, 31, 2, 19, N'2026-05-01', N'2026-05-03', 419, 103.8192, 43500.24, 5.0, N'TXN-000246', N'Synthetic purchase'),
        (247, 31, 2, 2, N'2026-05-04', N'2026-05-06', 554, 47.1728, 26133.73, 2.5, N'TXN-000247', N'Synthetic purchase'),
        (248, 31, 2, 9, N'2026-05-07', N'2026-05-09', 198, 43.9707, 8706.2, 3.75, N'TXN-000248', N'Synthetic purchase'),
        (249, 31, 2, 20, N'2026-05-10', N'2026-05-12', 385, 45.221, 17410.08, 5.0, N'TXN-000249', N'Synthetic purchase'),
        (250, 32, 1, NULL, N'2026-01-29', N'2026-01-30', NULL, NULL, 215000, 0, N'TXN-000250', N'Synthetic opening cash deposit'),
        (251, 32, 2, 4, N'2026-04-30', N'2026-05-02', 395, 97.7624, 38616.15, 2.5, N'TXN-000251', N'Synthetic purchase'),
        (252, 32, 2, 2, N'2026-05-03', N'2026-05-05', 822, 47.0325, 38660.71, 3.75, N'TXN-000252', N'Synthetic purchase'),
        (253, 32, 2, 9, N'2026-05-06', N'2026-05-08', 648, 44.7693, 29010.51, 5.0, N'TXN-000253', N'Synthetic purchase'),
        (254, 32, 2, 15, N'2026-05-09', N'2026-05-11', 792, 73.2072, 57980.1, 2.5, N'TXN-000254', N'Synthetic purchase'),
        (255, 32, 2, 21, N'2026-05-12', N'2026-05-14', 369, 52.3739, 19325.97, 3.75, N'TXN-000255', N'Synthetic purchase'),
        (256, 32, 2, 19, N'2026-05-15', N'2026-05-17', 94, 102.8904, 9671.7, 5.0, N'TXN-000256', N'Synthetic purchase'),
        (257, 32, 3, 4, N'2026-06-27', N'2026-06-29', 59, 97.0026, 5723.15, 4.95, N'TXN-000257', N'Synthetic partial sale'),
        (258, 32, 5, NULL, N'2026-06-30', N'2026-06-30', NULL, NULL, 93.0, 0, N'TXN-000258', N'Synthetic advisory fee'),
        (259, 33, 1, NULL, N'2026-02-01', N'2026-02-02', NULL, NULL, 236250, 0, N'TXN-000259', N'Synthetic opening cash deposit'),
        (260, 33, 2, 8, N'2026-05-05', N'2026-05-07', 903, 64.7059, 58429.43, 2.5, N'TXN-000260', N'Synthetic purchase'),
        (261, 33, 2, 5, N'2026-05-08', N'2026-05-10', 1412, 41.3973, 58452.99, 3.75, N'TXN-000261', N'Synthetic purchase'),
        (262, 33, 2, 10, N'2026-05-11', N'2026-05-13', 1146, 37.107, 42524.62, 5.0, N'TXN-000262', N'Synthetic purchase'),
        (263, 33, 2, 15, N'2026-05-14', N'2026-05-16', 289, 73.4288, 21220.92, 2.5, N'TXN-000263', N'Synthetic purchase'),
        (264, 33, 2, 21, N'2026-05-17', N'2026-05-19', 404, 52.5319, 21222.89, 3.75, N'TXN-000264', N'Synthetic purchase'),
        (265, 33, 2, 24, N'2026-05-20', N'2026-05-22', 369, 28.768, 10615.39, 5.0, N'TXN-000265', N'Synthetic purchase'),
        (266, 33, 4, NULL, N'2026-06-28', N'2026-06-28', NULL, NULL, 307.75, 0, N'TXN-000266', N'Synthetic dividend income'),
        (267, 34, 1, NULL, N'2026-01-10', N'2026-01-11', NULL, NULL, 185500, 0, N'TXN-000267', N'Synthetic opening cash deposit'),
        (268, 34, 2, 14, N'2026-05-10', N'2026-05-12', 468, 80.1792, 37523.87, 2.5, N'TXN-000268', N'Synthetic purchase'),
        (269, 34, 2, 17, N'2026-05-13', N'2026-05-15', 678, 55.3573, 37532.25, 3.75, N'TXN-000269', N'Synthetic purchase'),
        (270, 34, 2, 18, N'2026-05-16', N'2026-05-18', 41989, 0.994, 41737.07, 5.0, N'TXN-000270', N'Synthetic purchase'),
        (271, 34, 2, 2, N'2026-05-19', N'2026-05-21', 537, 46.6117, 25030.48, 2.5, N'TXN-000271', N'Synthetic purchase'),
        (272, 34, 2, 12, N'2026-05-22', N'2026-05-24', 255, 32.64, 8323.2, 3.75, N'TXN-000272', N'Synthetic purchase'),
        (273, 34, 2, 21, N'2026-05-25', N'2026-05-27', 315, 52.8481, 16647.15, 5.0, N'TXN-000273', N'Synthetic purchase'),
        (274, 34, 3, 14, N'2026-06-29', N'2026-07-01', 70, 76.991, 5389.37, 4.95, N'TXN-000274', N'Synthetic partial sale'),
        (275, 35, 1, NULL, N'2026-01-13', N'2026-01-14', NULL, NULL, 206750, 0, N'TXN-000275', N'Synthetic opening cash deposit'),
        (276, 35, 2, 15, N'2026-01-13', N'2026-01-15', 549, 76.2198, 41844.67, 2.5, N'TXN-000276', N'Synthetic purchase'),
        (277, 35, 2, 16, N'2026-01-16', N'2026-01-18', 809, 51.7079, 41831.69, 3.75, N'TXN-000277', N'Synthetic purchase'),
        (278, 35, 2, 18, N'2026-01-19', N'2026-01-21', 46658, 0.997, 46518.03, 5.0, N'TXN-000278', N'Synthetic purchase'),
        (279, 35, 2, 8, N'2026-01-22', N'2026-01-24', 416, 67.0, 27872.0, 2.5, N'TXN-000279', N'Synthetic purchase'),
        (280, 35, 2, 10, N'2026-01-25', N'2026-01-27', 246, 37.7048, 9275.38, 3.75, N'TXN-000280', N'Synthetic purchase'),
        (281, 35, 2, 21, N'2026-01-28', N'2026-01-30', 331, 56.2153, 18607.26, 5.0, N'TXN-000281', N'Synthetic purchase'),
        (282, 36, 1, NULL, N'2026-01-16', N'2026-01-17', NULL, NULL, 228000, 0, N'TXN-000282', N'Synthetic opening cash deposit'),
        (283, 36, 2, 5, N'2026-05-20', N'2026-05-22', 1006, 40.7818, 41026.49, 2.5, N'TXN-000283', N'Synthetic purchase'),
        (284, 36, 2, 2, N'2026-05-23', N'2026-05-25', 880, 46.6117, 41018.3, 3.75, N'TXN-000284', N'Synthetic purchase'),
        (285, 36, 2, 10, N'2026-05-26', N'2026-05-28', 822, 37.444, 30778.97, 5.0, N'TXN-000285', N'Synthetic purchase'),
        (286, 36, 2, 17, N'2026-05-29', N'2026-05-31', 1068, 57.6284, 61547.13, 2.5, N'TXN-000286', N'Synthetic purchase'),
        (287, 36, 2, 20, N'2026-06-01', N'2026-06-03', 447, 45.8535, 20496.51, 3.75, N'TXN-000287', N'Synthetic purchase'),
        (288, 36, 2, 18, N'2026-06-04', N'2026-06-06', 10168, 1.009, 10259.51, 5.0, N'TXN-000288', N'Synthetic purchase'),
        (289, 36, 3, 5, N'2026-07-01', N'2026-07-03', 150, 40.9196, 6137.94, 4.95, N'TXN-000289', N'Synthetic partial sale'),
        (290, 36, 4, NULL, N'2026-06-28', N'2026-06-28', NULL, NULL, 328.0, 0, N'TXN-000290', N'Synthetic dividend income'),
        (291, 36, 5, NULL, N'2026-06-30', N'2026-06-30', NULL, NULL, 99.0, 0, N'TXN-000291', N'Synthetic advisory fee'),
        (292, 37, 1, NULL, N'2026-01-19', N'2026-01-20', NULL, NULL, 249250, 0, N'TXN-000292', N'Synthetic opening cash deposit'),
        (293, 37, 2, 6, N'2026-05-25', N'2026-05-27', 1150, 53.6067, 61647.7, 2.5, N'TXN-000293', N'Synthetic purchase'),
        (294, 37, 2, 2, N'2026-05-28', N'2026-05-30', 1319, 46.752, 61665.89, 3.75, N'TXN-000294', N'Synthetic purchase'),
        (295, 37, 2, 12, N'2026-05-31', N'2026-06-02', 1318, 34.0218, 44840.73, 5.0, N'TXN-000295', N'Synthetic purchase'),
        (296, 37, 2, 17, N'2026-06-03', N'2026-06-05', 388, 57.8007, 22426.67, 2.5, N'TXN-000296', N'Synthetic purchase'),
        (297, 37, 2, 20, N'2026-06-06', N'2026-06-08', 487, 45.9902, 22397.23, 3.75, N'TXN-000297', N'Synthetic purchase'),
        (298, 37, 2, 24, N'2026-06-09', N'2026-06-11', 382, 29.3138, 11197.87, 5.0, N'TXN-000298', N'Synthetic purchase'),
        (299, 38, 1, NULL, N'2026-01-22', N'2026-01-23', NULL, NULL, 198500, 0, N'TXN-000299', N'Synthetic opening cash deposit'),
        (300, 38, 2, 2, N'2026-05-30', N'2026-06-01', 1156, 47.808, 55266.05, 2.5, N'TXN-000300', N'Synthetic purchase'),
        (301, 38, 2, 7, N'2026-06-02', N'2026-06-04', 526, 105.0984, 55281.76, 3.75, N'TXN-000301', N'Synthetic purchase'),
        (302, 38, 2, 12, N'2026-06-05', N'2026-06-07', 997, 34.1235, 34021.13, 5.0, N'TXN-000302', N'Synthetic purchase'),
        (303, 38, 2, 22, N'2026-06-08', N'2026-06-10', 352, 24.1151, 8488.52, 2.5, N'TXN-000303', N'Synthetic purchase'),
        (304, 38, 2, 24, N'2026-06-11', N'2026-06-13', 580, 29.3138, 17002.0, 3.75, N'TXN-000304', N'Synthetic purchase'),
        (305, 38, 2, 25, N'2026-06-14', N'2026-06-16', 235, 36.0703, 8476.52, 5.0, N'TXN-000305', N'Synthetic purchase'),
        (306, 38, 3, 2, N'2026-07-03', N'2026-07-05', 173, 46.9858, 8128.54, 4.95, N'TXN-000306', N'Synthetic partial sale'),
        (307, 39, 1, NULL, N'2026-01-25', N'2026-01-26', NULL, NULL, 219750, 0, N'TXN-000307', N'Synthetic opening cash deposit'),
        (308, 39, 2, 17, N'2026-06-04', N'2026-06-06', 772, 57.6284, 44489.12, 2.5, N'TXN-000308', N'Synthetic purchase'),
        (309, 39, 2, 15, N'2026-06-07', N'2026-06-09', 616, 72.1745, 44459.49, 3.75, N'TXN-000309', N'Synthetic purchase'),
        (310, 39, 2, 18, N'2026-06-10', N'2026-06-12', 49002, 1.009, 49443.02, 5.0, N'TXN-000310', N'Synthetic purchase'),
        (311, 39, 2, 6, N'2026-06-13', N'2026-06-15', 533, 55.6546, 29663.9, 2.5, N'TXN-000311', N'Synthetic purchase'),
        (312, 39, 2, 10, N'2026-06-16', N'2026-06-18', 269, 36.6309, 9853.71, 3.75, N'TXN-000312', N'Synthetic purchase'),
        (313, 39, 2, 21, N'2026-06-19', N'2026-06-21', 390, 50.6675, 19760.32, 5.0, N'TXN-000313', N'Synthetic purchase'),
        (314, 39, 4, NULL, N'2026-06-28', N'2026-06-28', NULL, NULL, 348.25, 0, N'TXN-000314', N'Synthetic dividend income'),
        (315, 40, 1, NULL, N'2026-01-28', N'2026-01-29', NULL, NULL, 241000, 0, N'TXN-000315', N'Synthetic opening cash deposit'),
        (316, 40, 2, 6, N'2026-01-28', N'2026-01-30', 842, 51.475, 43341.95, 2.5, N'TXN-000316', N'Synthetic purchase'),
        (317, 40, 2, 7, N'2026-01-31', N'2026-02-02', 390, 111.103, 43330.17, 3.75, N'TXN-000317', N'Synthetic purchase'),
        (318, 40, 2, 9, N'2026-02-03', N'2026-02-05', 723, 44.9518, 32500.15, 5.0, N'TXN-000318', N'Synthetic purchase'),
        (319, 40, 2, 14, N'2026-02-06', N'2026-02-08', 776, 83.83, 65052.08, 2.5, N'TXN-000319', N'Synthetic purchase'),
        (320, 40, 2, 20, N'2026-02-09', N'2026-02-11', 501, 43.214, 21650.21, 3.75, N'TXN-000320', N'Synthetic purchase'),
        (321, 40, 2, 19, N'2026-02-12', N'2026-02-14', 108, 100.0, 10800.0, 5.0, N'TXN-000321', N'Synthetic purchase'),
        (322, 40, 3, 6, N'2026-02-25', N'2026-02-27', 126, 51.4238, 6479.4, 4.95, N'TXN-000322', N'Synthetic partial sale'),
        (323, 40, 5, NULL, N'2026-02-27', N'2026-02-27', NULL, NULL, 105.0, 0, N'TXN-000323', N'Synthetic advisory fee'),
        (324, 41, 1, NULL, N'2026-01-31', N'2026-02-01', NULL, NULL, 262250, 0, N'TXN-000324', N'Synthetic opening cash deposit'),
        (325, 41, 2, 1, N'2026-03-06', N'2026-03-08', 1033, 62.8082, 64880.87, 2.5, N'TXN-000325', N'Synthetic purchase'),
        (326, 41, 2, 5, N'2026-03-09', N'2026-03-11', 1652, 39.2674, 64869.74, 3.75, N'TXN-000326', N'Synthetic purchase'),
        (327, 41, 2, 11, N'2026-03-12', N'2026-03-14', 1142, 41.3246, 47192.69, 5.0, N'TXN-000327', N'Synthetic purchase'),
        (328, 41, 2, 15, N'2026-03-15', N'2026-03-17', 316, 74.5596, 23560.83, 2.5, N'TXN-000328', N'Synthetic purchase'),
        (329, 41, 2, 21, N'2026-03-18', N'2026-03-20', 437, 54.01, 23602.37, 3.75, N'TXN-000329', N'Synthetic purchase'),
        (330, 41, 2, 25, N'2026-03-21', N'2026-03-23', 328, 35.8914, 11772.38, 5.0, N'TXN-000330', N'Synthetic purchase'),
        (331, 42, 1, NULL, N'2026-01-09', N'2026-01-10', NULL, NULL, 211500, 0, N'TXN-000331', N'Synthetic opening cash deposit'),
        (332, 42, 2, 13, N'2026-03-11', N'2026-03-13', 441, 96.9238, 42743.4, 2.5, N'TXN-000332', N'Synthetic purchase'),
        (333, 42, 2, 14, N'2026-03-14', N'2026-03-16', 528, 80.9911, 42763.3, 3.75, N'TXN-000333', N'Synthetic purchase'),
        (334, 42, 2, 19, N'2026-03-17', N'2026-03-19', 479, 99.3012, 47565.27, 5.0, N'TXN-000334', N'Synthetic purchase'),
        (335, 42, 2, 7, N'2026-03-20', N'2026-03-22', 256, 111.222, 28472.83, 2.5, N'TXN-000335', N'Synthetic purchase'),
        (336, 42, 2, 11, N'2026-03-23', N'2026-03-25', 228, 41.6987, 9507.3, 3.75, N'TXN-000336', N'Synthetic purchase'),
        (337, 42, 2, 21, N'2026-03-26', N'2026-03-28', 350, 54.3341, 19016.94, 5.0, N'TXN-000337', N'Synthetic purchase'),
        (338, 42, 3, 13, N'2026-06-17', N'2026-06-19', 66, 107.5511, 7098.37, 4.95, N'TXN-000338', N'Synthetic partial sale'),
        (339, 42, 4, NULL, N'2026-06-28', N'2026-06-28', NULL, NULL, 368.5, 0, N'TXN-000339', N'Synthetic dividend income'),
        (340, 43, 1, NULL, N'2026-01-12', N'2026-01-13', NULL, NULL, 232750, 0, N'TXN-000340', N'Synthetic opening cash deposit'),
        (341, 43, 2, 17, N'2026-03-16', N'2026-03-18', 822, 57.3379, 47131.75, 2.5, N'TXN-000341', N'Synthetic purchase'),
        (342, 43, 2, 16, N'2026-03-19', N'2026-03-21', 928, 50.7453, 47091.64, 3.75, N'TXN-000342', N'Synthetic purchase'),
        (343, 43, 2, 19, N'2026-03-22', N'2026-03-24', 525, 99.6, 52290.0, 5.0, N'TXN-000343', N'Synthetic purchase'),
        (344, 43, 2, 3, N'2026-03-25', N'2026-03-27', 428, 73.3313, 31385.8, 2.5, N'TXN-000344', N'Synthetic purchase'),
        (345, 43, 2, 9, N'2026-03-28', N'2026-03-30', 234, 44.6362, 10444.87, 3.75, N'TXN-000345', N'Synthetic purchase'),
        (346, 43, 2, 21, N'2026-03-31', N'2026-04-02', 398, 52.6093, 20938.5, 5.0, N'TXN-000346', N'Synthetic purchase'),
        (347, 44, 1, NULL, N'2026-01-15', N'2026-01-16', NULL, NULL, 254000, 0, N'TXN-000347', N'Synthetic opening cash deposit'),
        (348, 44, 2, 7, N'2026-03-21', N'2026-03-23', 412, 110.8883, 45685.98, 2.5, N'TXN-000348', N'Synthetic purchase'),
        (349, 44, 2, 8, N'2026-03-24', N'2026-03-26', 702, 65.124, 45717.05, 3.75, N'TXN-000349', N'Synthetic purchase'),
        (350, 44, 2, 10, N'2026-03-27', N'2026-03-29', 923, 37.111, 34253.45, 5.0, N'TXN-000350', N'Synthetic purchase'),
        (351, 44, 2, 17, N'2026-03-30', N'2026-04-01', 1181, 58.0301, 68533.55, 2.5, N'TXN-000351', N'Synthetic purchase'),
        (352, 44, 2, 21, N'2026-04-02', N'2026-04-04', 434, 52.6093, 22832.44, 3.75, N'TXN-000352', N'Synthetic purchase'),
        (353, 44, 2, 19, N'2026-04-05', N'2026-04-07', 111, 102.6676, 11396.1, 5.0, N'TXN-000353', N'Synthetic purchase'),
        (354, 44, 3, 7, N'2026-06-19', N'2026-06-21', 61, 105.3079, 6423.78, 4.95, N'TXN-000354', N'Synthetic partial sale'),
        (355, 44, 5, NULL, N'2026-06-30', N'2026-06-30', NULL, NULL, 111.0, 0, N'TXN-000355', N'Synthetic advisory fee'),
        (356, 45, 1, NULL, N'2026-01-18', N'2026-01-19', NULL, NULL, 275250, 0, N'TXN-000356', N'Synthetic opening cash deposit'),
        (357, 45, 2, 3, N'2026-01-18', N'2026-01-20', 916, 74.296, 68055.14, 2.5, N'TXN-000357', N'Synthetic purchase'),
        (358, 45, 2, 2, N'2026-01-21', N'2026-01-23', 1420, 47.9514, 68090.99, 3.75, N'TXN-000358', N'Synthetic purchase'),
        (359, 45, 2, 12, N'2026-01-24', N'2026-01-26', 1557, 31.8057, 49521.47, 5.0, N'TXN-000359', N'Synthetic purchase'),
        (360, 45, 2, 14, N'2026-01-27', N'2026-01-29', 291, 85.095, 24762.65, 2.5, N'TXN-000360', N'Synthetic purchase'),
        (361, 45, 2, 21, N'2026-01-30', N'2026-02-01', 447, 55.3771, 24753.56, 3.75, N'TXN-000361', N'Synthetic purchase'),
        (362, 45, 2, 25, N'2026-02-02', N'2026-02-04', 344, 35.9271, 12358.92, 5.0, N'TXN-000362', N'Synthetic purchase'),
        (363, 45, 4, NULL, N'2026-02-26', N'2026-02-26', NULL, NULL, 388.75, 0, N'TXN-000363', N'Synthetic dividend income'),
        (364, 46, 1, NULL, N'2026-01-21', N'2026-01-22', NULL, NULL, 224500, 0, N'TXN-000364', N'Synthetic opening cash deposit'),
        (365, 46, 2, 8, N'2026-03-31', N'2026-04-02', 964, 66.3946, 64004.39, 2.5, N'TXN-000365', N'Synthetic purchase'),
        (366, 46, 2, 1, N'2026-04-03', N'2026-04-05', 1052, 60.8751, 64040.61, 3.75, N'TXN-000366', N'Synthetic purchase'),
        (367, 46, 2, 9, N'2026-04-06', N'2026-04-08', 861, 45.7682, 39406.42, 5.0, N'TXN-000367', N'Synthetic purchase'),
        (368, 46, 2, 22, N'2026-04-09', N'2026-04-11', 410, 23.9822, 9832.7, 2.5, N'TXN-000368', N'Synthetic purchase'),
        (369, 46, 2, 25, N'2026-04-12', N'2026-04-14', 535, 36.786, 19680.51, 3.75, N'TXN-000369', N'Synthetic purchase'),
        (370, 46, 2, 23, N'2026-04-15', N'2026-04-17', 161, 30.5361, 4916.31, 5.0, N'TXN-000370', N'Synthetic purchase'),
        (371, 46, 3, 8, N'2026-06-21', N'2026-06-23', 144, 62.7562, 9036.89, 4.95, N'TXN-000371', N'Synthetic partial sale'),
        (372, 47, 1, NULL, N'2026-01-24', N'2026-01-25', NULL, NULL, 245750, 0, N'TXN-000372', N'Synthetic opening cash deposit'),
        (373, 47, 2, 14, N'2026-04-05', N'2026-04-07', 600, 82.8139, 49688.34, 2.5, N'TXN-000373', N'Synthetic purchase'),
        (374, 47, 2, 16, N'2026-04-08', N'2026-04-10', 990, 50.224, 49721.76, 3.75, N'TXN-000374', N'Synthetic purchase'),
        (375, 47, 2, 18, N'2026-04-11', N'2026-04-13', 55795, 0.991, 55292.85, 5.0, N'TXN-000375', N'Synthetic purchase'),
        (376, 47, 2, 5, N'2026-04-14', N'2026-04-16', 845, 39.2312, 33150.36, 2.5, N'TXN-000376', N'Synthetic purchase'),
        (377, 47, 2, 10, N'2026-04-17', N'2026-04-19', 304, 36.2988, 11034.84, 3.75, N'TXN-000377', N'Synthetic purchase'),
        (378, 47, 2, 21, N'2026-04-20', N'2026-04-22', 424, 52.14, 22107.36, 5.0, N'TXN-000378', N'Synthetic purchase'),
        (379, 48, 1, NULL, N'2026-01-27', N'2026-01-28', NULL, NULL, 267000, 0, N'TXN-000379', N'Synthetic opening cash deposit'),
        (380, 48, 2, 5, N'2026-04-10', N'2026-04-12', 1206, 39.8232, 48026.78, 2.5, N'TXN-000380', N'Synthetic purchase'),
        (381, 48, 2, 3, N'2026-04-13', N'2026-04-15', 645, 74.5073, 48057.21, 3.75, N'TXN-000381', N'Synthetic purchase'),
        (382, 48, 2, 12, N'2026-04-16', N'2026-04-18', 1106, 32.5714, 36023.97, 5.0, N'TXN-000382', N'Synthetic purchase'),
        (383, 48, 2, 16, N'2026-04-19', N'2026-04-21', 1452, 49.6267, 72057.97, 2.5, N'TXN-000383', N'Synthetic purchase'),
        (384, 48, 2, 20, N'2026-04-22', N'2026-04-24', 529, 45.408, 24020.83, 3.75, N'TXN-000384', N'Synthetic purchase'),
        (385, 48, 2, 19, N'2026-04-25', N'2026-04-27', 115, 103.9108, 11949.74, 5.0, N'TXN-000385', N'Synthetic purchase'),
        (386, 48, 3, 5, N'2026-06-23', N'2026-06-25', 180, 41.0764, 7393.75, 4.95, N'TXN-000386', N'Synthetic partial sale'),
        (387, 48, 4, NULL, N'2026-06-28', N'2026-06-28', NULL, NULL, 409.0, 0, N'TXN-000387', N'Synthetic dividend income'),
        (388, 48, 5, NULL, N'2026-06-30', N'2026-06-30', NULL, NULL, 117.0, 0, N'TXN-000388', N'Synthetic advisory fee'),
        (389, 49, 1, NULL, N'2026-01-30', N'2026-01-31', NULL, NULL, 288250, 0, N'TXN-000389', N'Synthetic opening cash deposit'),
        (390, 49, 2, 3, N'2026-04-15', N'2026-04-17', 957, 74.5073, 71303.49, 2.5, N'TXN-000390', N'Synthetic purchase'),
        (391, 49, 2, 7, N'2026-04-18', N'2026-04-20', 667, 106.8033, 71237.8, 3.75, N'TXN-000391', N'Synthetic purchase'),
        (392, 49, 2, 12, N'2026-04-21', N'2026-04-23', 1588, 32.6697, 51879.48, 5.0, N'TXN-000392', N'Synthetic purchase'),
        (393, 49, 2, 16, N'2026-04-24', N'2026-04-26', 521, 49.776, 25933.3, 2.5, N'TXN-000393', N'Synthetic purchase'),
        (394, 49, 2, 21, N'2026-04-27', N'2026-04-29', 496, 52.2964, 25939.01, 3.75, N'TXN-000394', N'Synthetic purchase'),
        (395, 49, 2, 25, N'2026-04-30', N'2026-05-02', 351, 36.8679, 12940.63, 5.0, N'TXN-000395', N'Synthetic purchase'),
        (396, 50, 1, NULL, N'2026-01-08', N'2026-01-09', NULL, NULL, 237500, 0, N'TXN-000396', N'Synthetic opening cash deposit'),
        (397, 50, 2, 17, N'2026-01-08', N'2026-01-10', 862, 55.7515, 48057.79, 2.5, N'TXN-000397', N'Synthetic purchase'),
        (398, 50, 2, 16, N'2026-01-11', N'2026-01-13', 927, 51.8639, 48077.84, 3.75, N'TXN-000398', N'Synthetic purchase'),
        (399, 50, 2, 18, N'2026-01-14', N'2026-01-16', 53437, 1.0, 53437.0, 5.0, N'TXN-000399', N'Synthetic purchase'),
        (400, 50, 2, 4, N'2026-01-17', N'2026-01-19', 332, 96.4284, 32014.23, 2.5, N'TXN-000400', N'Synthetic purchase');

    INSERT INTO trading.AccountTransaction ([TransactionID], [AccountID], [TransactionTypeID], [SecurityID], [TradeDate], [SettlementDate], [Quantity], [Price], [GrossAmount], [FeeAmount], [ExternalReference], [Notes])
    VALUES
        (401, 50, 2, 12, N'2026-01-20', N'2026-01-22', 336, 31.8057, 10686.72, 3.75, N'TXN-000401', N'Synthetic purchase'),
        (402, 50, 2, 20, N'2026-01-23', N'2026-01-25', 488, 43.7341, 21342.24, 5.0, N'TXN-000402', N'Synthetic purchase'),
        (403, 50, 3, 17, N'2026-02-25', N'2026-02-27', 129, 56.3684, 7271.52, 4.95, N'TXN-000403', N'Synthetic partial sale');

    SET IDENTITY_INSERT trading.AccountTransaction OFF;
        PRINT N'Loaded 403 rows into trading.AccountTransaction.';
    END
    ELSE
    BEGIN
        PRINT N'Skipped trading.AccountTransaction; sample rows already exist.';
    END;

    IF NOT EXISTS (SELECT 1 FROM trading.CurrentHolding WHERE [CurrentHoldingID] = 1)
    BEGIN
    SET IDENTITY_INSERT trading.CurrentHolding ON;

    INSERT INTO trading.CurrentHolding ([CurrentHoldingID], [AccountID], [SecurityID], [Quantity], [AverageCost], [AsOfDate])
    VALUES
        (1, 1, 6, 241.0, 53.7207, N'2026-07-10'),
        (2, 1, 9, 97.0, 44.6362, N'2026-07-10'),
        (3, 1, 16, 384.0, 50.7453, N'2026-07-10'),
        (4, 1, 17, 339.0, 57.3379, N'2026-07-10'),
        (5, 1, 18, 21656.0, 1.0, N'2026-07-10'),
        (6, 1, 21, 158.0, 54.4961, N'2026-07-10'),
        (7, 2, 4, 222.0, 95.19, N'2026-07-10'),
        (8, 2, 5, 455.0, 39.5051, N'2026-07-10'),
        (9, 2, 12, 480.0, 32.9947, N'2026-07-10'),
        (10, 2, 16, 619.0, 51.2034, N'2026-07-10'),
        (11, 2, 18, 5335.0, 0.991, N'2026-07-10'),
        (12, 2, 21, 194.0, 54.4961, N'2026-07-10'),
        (13, 3, 3, 468.0, 73.3313, N'2026-07-10'),
        (14, 3, 4, 360.0, 95.19, N'2026-07-10'),
        (15, 3, 11, 597.0, 41.8234, N'2026-07-10'),
        (16, 3, 17, 214.0, 58.2032, N'2026-07-10'),
        (17, 3, 20, 290.0, 43.0391, N'2026-07-10'),
        (18, 3, 25, 169.0, 36.786, N'2026-07-10'),
        (19, 4, 8, 184.0, 64.5379, N'2026-07-10'),
        (20, 4, 11, 96.0, 40.917, N'2026-07-10'),
        (21, 4, 14, 186.0, 81.7244, N'2026-07-10'),
        (22, 4, 15, 236.0, 75.2327, N'2026-07-10'),
        (23, 4, 18, 19623.0, 1.009, N'2026-07-10'),
        (24, 4, 21, 152.0, 51.9836, N'2026-07-10'),
        (25, 5, 1, 242.0, 60.8885, N'2026-07-10'),
        (26, 5, 12, 155.0, 31.5212, N'2026-07-10'),
        (27, 5, 15, 285.0, 77.6042, N'2026-07-10'),
        (28, 5, 16, 422.0, 52.3321, N'2026-07-10'),
        (29, 5, 19, 248.0, 99.1, N'2026-07-10'),
        (30, 5, 21, 175.0, 55.88, N'2026-07-10'),
        (31, 6, 5, 501.0, 39.8232, N'2026-07-10'),
        (32, 6, 6, 441.0, 53.181, N'2026-07-10'),
        (33, 6, 11, 430.0, 40.917, N'2026-07-10'),
        (34, 6, 14, 429.0, 82.073, N'2026-07-10'),
        (35, 6, 19, 56.0, 103.9107, N'2026-07-10'),
        (36, 6, 20, 258.0, 45.408, N'2026-07-10'),
        (37, 7, 2, 792.0, 47.3777, N'2026-07-10'),
        (38, 7, 7, 351.0, 106.8033, N'2026-07-10'),
        (39, 7, 11, 665.0, 41.0405, N'2026-07-10'),
        (40, 7, 17, 240.0, 56.772, N'2026-07-10'),
        (41, 7, 21, 261.0, 52.2964, N'2026-07-10'),
        (42, 7, 25, 183.0, 37.23, N'2026-07-10'),
        (43, 8, 5, 732.0, 39.3496, N'2026-07-10'),
        (44, 8, 7, 229.0, 106.8033, N'2026-07-10'),
        (45, 8, 9, 391.0, 45.36, N'2026-07-10'),
        (46, 8, 22, 90.0, 24.4178, N'2026-07-10'),
        (47, 8, 23, 144.0, 30.7199, N'2026-07-10'),
        (48, 8, 24, 301.0, 29.4074, N'2026-07-10'),
        (49, 9, 6, 305.0, 53.986, N'2026-07-10'),
        (50, 9, 11, 132.0, 41.5345, N'2026-07-10'),
        (51, 9, 13, 242.0, 102.0051, N'2026-07-10'),
        (52, 9, 17, 436.0, 56.772, N'2026-07-10'),
        (53, 9, 18, 27423.0, 1.003, N'2026-07-10'),
        (54, 9, 21, 210.0, 52.2158, N'2026-07-10'),
        (55, 10, 4, 228.0, 96.14, N'2026-07-10'),
        (56, 10, 5, 647.0, 39.8993, N'2026-07-10'),
        (57, 10, 11, 479.0, 40.4211, N'2026-07-10'),
        (58, 10, 13, 393.0, 98.4865, N'2026-07-10'),
        (59, 10, 19, 64.0, 99.4, N'2026-07-10'),
        (60, 10, 20, 300.0, 42.9539, N'2026-07-10'),
        (61, 11, 1, 669.0, 60.8751, N'2026-07-10'),
        (62, 11, 8, 614.0, 66.3946, N'2026-07-10'),
        (63, 11, 12, 900.0, 32.9338, N'2026-07-10'),
        (64, 11, 14, 188.0, 78.7488, N'2026-07-10'),
        (65, 11, 20, 327.0, 45.221, N'2026-07-10'),
        (66, 11, 25, 202.0, 36.5381, N'2026-07-10'),
        (67, 12, 2, 331.0, 46.4715, N'2026-07-10'),
        (68, 12, 12, 157.0, 32.5421, N'2026-07-10'),
        (69, 12, 13, 190.0, 103.123, N'2026-07-10'),
        (70, 12, 17, 409.0, 56.3627, N'2026-07-10'),
        (71, 12, 18, 25882.0, 0.991, N'2026-07-10'),
        (72, 12, 20, 225.0, 45.494, N'2026-07-10'),
        (73, 13, 5, 446.0, 40.9049, N'2026-07-10'),
        (74, 13, 9, 137.0, 44.37, N'2026-07-10'),
        (75, 13, 13, 269.0, 101.5854, N'2026-07-10'),
        (76, 13, 14, 341.0, 80.1792, N'2026-07-10'),
        (77, 13, 19, 296.0, 102.5808, N'2026-07-10'),
        (78, 13, 21, 230.0, 52.8481, N'2026-07-10'),
        (79, 14, 4, 290.0, 96.8852, N'2026-07-10'),
        (80, 14, 8, 375.0, 63.7411, N'2026-07-10'),
        (81, 14, 12, 649.0, 32.5421, N'2026-07-10'),
        (82, 14, 13, 412.0, 102.508, N'2026-07-10'),
        (83, 14, 19, 67.0, 103.8193, N'2026-07-10'),
        (84, 14, 20, 308.0, 45.6305, N'2026-07-10'),
        (85, 15, 3, 593.0, 74.0731, N'2026-07-10'),
        (86, 15, 7, 401.0, 109.4513, N'2026-07-10'),
        (87, 15, 12, 1011.0, 31.616, N'2026-07-10'),
        (88, 15, 14, 189.0, 84.589, N'2026-07-10'),
        (89, 15, 20, 366.0, 43.6041, N'2026-07-10'),
        (90, 15, 25, 219.0, 36.4693, N'2026-07-10'),
        (91, 16, 1, 601.0, 58.776, N'2026-07-10'),
        (92, 16, 5, 735.0, 40.9049, N'2026-07-10'),
        (93, 16, 10, 579.0, 37.5563, N'2026-07-10'),
        (94, 16, 22, 226.0, 24.0434, N'2026-07-10'),
        (95, 16, 24, 364.0, 29.8462, N'2026-07-10'),
        (96, 16, 25, 151.0, 35.9614, N'2026-07-10'),
        (97, 17, 5, 485.0, 41.2398, N'2026-07-10'),
        (98, 17, 11, 159.0, 41.7687, N'2026-07-10'),
        (99, 17, 13, 292.0, 102.508, N'2026-07-10'),
        (100, 17, 14, 376.0, 79.7024, N'2026-07-10'),
        (101, 17, 18, 33157.0, 1.006, N'2026-07-10'),
        (102, 17, 20, 294.0, 45.3065, N'2026-07-10'),
        (103, 18, 1, 432.0, 59.9473, N'2026-07-10'),
        (104, 18, 5, 742.0, 41.1172, N'2026-07-10'),
        (105, 18, 10, 615.0, 37.1837, N'2026-07-10'),
        (106, 18, 14, 602.0, 75.9185, N'2026-07-10'),
        (107, 18, 19, 74.0, 102.4916, N'2026-07-10'),
        (108, 18, 20, 336.0, 45.3065, N'2026-07-10'),
        (109, 19, 3, 642.0, 73.4713, N'2026-07-10'),
        (110, 19, 8, 751.0, 62.8187, N'2026-07-10'),
        (111, 19, 10, 940.0, 36.5203, N'2026-07-10'),
        (112, 19, 17, 300.0, 57.1113, N'2026-07-10'),
        (113, 19, 20, 377.0, 45.4433, N'2026-07-10'),
        (114, 19, 24, 290.0, 29.58, N'2026-07-10'),
        (115, 20, 1, 309.0, 61.0722, N'2026-07-10'),
        (116, 20, 10, 167.0, 37.592, N'2026-07-10'),
        (117, 20, 13, 293.0, 96.7295, N'2026-07-10'),
        (118, 20, 17, 425.0, 56.5928, N'2026-07-10'),
        (119, 20, 19, 316.0, 99.4, N'2026-07-10'),
        (120, 20, 20, 289.0, 43.474, N'2026-07-10'),
        (121, 21, 6, 406.0, 53.56, N'2026-07-10'),
        (122, 21, 11, 174.0, 41.6987, N'2026-07-10'),
        (123, 21, 13, 335.0, 97.2172, N'2026-07-10'),
        (124, 21, 16, 647.0, 50.4399, N'2026-07-10'),
        (125, 21, 18, 36390.0, 0.997, N'2026-07-10'),
        (126, 21, 20, 332.0, 43.6906, N'2026-07-10'),
        (127, 22, 1, 451.0, 61.8745, N'2026-07-10'),
        (128, 22, 2, 704.0, 46.6117, N'2026-07-10'),
        (129, 22, 9, 555.0, 44.37, N'2026-07-10'),
        (130, 22, 17, 851.0, 57.8571, N'2026-07-10'),
        (131, 22, 19, 81.0, 100.4964, N'2026-07-10'),
        (132, 22, 20, 375.0, 43.6906, N'2026-07-10'),
        (133, 23, 1, 812.0, 62.0613, N'2026-07-10'),
        (134, 23, 3, 689.0, 73.112, N'2026-07-10'),
        (135, 23, 11, 879.0, 41.6987, N'2026-07-10'),
        (136, 23, 13, 186.0, 98.3908, N'2026-07-10'),
        (137, 23, 20, 418.0, 43.8209, N'2026-07-10'),
        (138, 23, 25, 250.0, 36.6749, N'2026-07-10'),
        (139, 24, 5, 936.0, 39.624, N'2026-07-10'),
        (140, 24, 7, 391.0, 111.5557, N'2026-07-10'),
        (141, 24, 10, 721.0, 37.222, N'2026-07-10'),
        (142, 24, 22, 139.0, 24.0548, N'2026-07-10'),
        (143, 24, 23, 212.0, 31.5918, N'2026-07-10'),
        (144, 24, 25, 366.0, 36.6749, N'2026-07-10'),
        (145, 25, 2, 496.0, 47.3777, N'2026-07-10'),
        (146, 25, 12, 249.0, 31.4263, N'2026-07-10'),
        (147, 25, 14, 415.0, 84.842, N'2026-07-10'),
        (148, 25, 16, 676.0, 52.1761, N'2026-07-10'),
        (149, 25, 19, 388.0, 100.9, N'2026-07-10'),
        (150, 25, 20, 362.0, 43.214, N'2026-07-10'),
        (151, 26, 5, 883.0, 39.8232, N'2026-07-10'),
        (152, 26, 8, 449.0, 66.5932, N'2026-07-10'),
        (153, 26, 10, 731.0, 36.0803, N'2026-07-10'),
        (154, 26, 17, 935.0, 56.4314, N'2026-07-10'),
        (155, 26, 18, 8797.0, 1.0, N'2026-07-10'),
        (156, 26, 21, 338.0, 51.9836, N'2026-07-10'),
        (157, 27, 4, 574.0, 93.3918, N'2026-07-10'),
        (158, 27, 6, 990.0, 54.147, N'2026-07-10'),
        (159, 27, 12, 1197.0, 32.5714, N'2026-07-10'),
        (160, 27, 16, 393.0, 49.6267, N'2026-07-10'),
        (161, 27, 20, 429.0, 45.408, N'2026-07-10'),
        (162, 27, 24, 332.0, 29.3197, N'2026-07-10'),
        (163, 28, 4, 237.0, 94.24, N'2026-07-10'),
        (164, 28, 9, 164.0, 45.4961, N'2026-07-10'),
        (165, 28, 13, 330.0, 101.6981, N'2026-07-10'),
        (166, 28, 16, 579.0, 49.328, N'2026-07-10'),
        (167, 28, 18, 37462.0, 0.997, N'2026-07-10'),
        (168, 28, 20, 327.0, 45.6804, N'2026-07-10'),
        (169, 29, 8, 380.0, 66.3946, N'2026-07-10'),
        (170, 29, 9, 184.0, 45.6322, N'2026-07-10'),
        (171, 29, 15, 525.0, 72.2201, N'2026-07-10'),
        (172, 29, 16, 764.0, 49.6267, N'2026-07-10'),
        (173, 29, 19, 406.0, 103.6, N'2026-07-10'),
        (174, 29, 20, 367.0, 45.9034, N'2026-07-10'),
        (175, 30, 4, 390.0, 96.14, N'2026-07-10'),
        (176, 30, 6, 625.0, 51.0145, N'2026-07-10'),
        (177, 30, 10, 746.0, 37.7048, N'2026-07-10'),
        (178, 30, 16, 1075.0, 52.3321, N'2026-07-10'),
        (179, 30, 19, 94.0, 99.1, N'2026-07-10'),
        (180, 30, 20, 429.0, 43.7341, N'2026-07-10'),
        (181, 31, 2, 554.0, 47.1728, N'2026-07-10'),
        (182, 31, 9, 198.0, 43.9707, N'2026-07-10'),
        (183, 31, 13, 382.0, 102.6189, N'2026-07-10'),
        (184, 31, 14, 476.0, 82.32, N'2026-07-10'),
        (185, 31, 19, 419.0, 103.8192, N'2026-07-10'),
        (186, 31, 20, 385.0, 45.221, N'2026-07-10'),
        (187, 32, 2, 822.0, 47.0325, N'2026-07-10'),
        (188, 32, 4, 336.0, 97.7624, N'2026-07-10'),
        (189, 32, 9, 648.0, 44.7693, N'2026-07-10'),
        (190, 32, 15, 792.0, 73.2072, N'2026-07-10'),
        (191, 32, 19, 94.0, 102.8904, N'2026-07-10'),
        (192, 32, 21, 369.0, 52.3739, N'2026-07-10'),
        (193, 33, 5, 1412.0, 41.3973, N'2026-07-10'),
        (194, 33, 8, 903.0, 64.7059, N'2026-07-10'),
        (195, 33, 10, 1146.0, 37.107, N'2026-07-10'),
        (196, 33, 15, 289.0, 73.4288, N'2026-07-10'),
        (197, 33, 21, 404.0, 52.5319, N'2026-07-10'),
        (198, 33, 24, 369.0, 28.768, N'2026-07-10'),
        (199, 34, 2, 537.0, 46.6117, N'2026-07-10'),
        (200, 34, 12, 255.0, 32.64, N'2026-07-10');

    INSERT INTO trading.CurrentHolding ([CurrentHoldingID], [AccountID], [SecurityID], [Quantity], [AverageCost], [AsOfDate])
    VALUES
        (201, 34, 14, 398.0, 80.1792, N'2026-07-10'),
        (202, 34, 17, 678.0, 55.3573, N'2026-07-10'),
        (203, 34, 18, 41989.0, 0.994, N'2026-07-10'),
        (204, 34, 21, 315.0, 52.8481, N'2026-07-10'),
        (205, 35, 8, 416.0, 67.0, N'2026-07-10'),
        (206, 35, 10, 246.0, 37.7048, N'2026-07-10'),
        (207, 35, 15, 549.0, 76.2198, N'2026-07-10'),
        (208, 35, 16, 809.0, 51.7079, N'2026-07-10'),
        (209, 35, 18, 46658.0, 0.997, N'2026-07-10'),
        (210, 35, 21, 331.0, 56.2153, N'2026-07-10'),
        (211, 36, 2, 880.0, 46.6117, N'2026-07-10'),
        (212, 36, 5, 856.0, 40.7818, N'2026-07-10'),
        (213, 36, 10, 822.0, 37.444, N'2026-07-10'),
        (214, 36, 17, 1068.0, 57.6284, N'2026-07-10'),
        (215, 36, 18, 10168.0, 1.009, N'2026-07-10'),
        (216, 36, 20, 447.0, 45.8535, N'2026-07-10'),
        (217, 37, 2, 1319.0, 46.752, N'2026-07-10'),
        (218, 37, 6, 1150.0, 53.6067, N'2026-07-10'),
        (219, 37, 12, 1318.0, 34.0218, N'2026-07-10'),
        (220, 37, 17, 388.0, 57.8007, N'2026-07-10'),
        (221, 37, 20, 487.0, 45.9902, N'2026-07-10'),
        (222, 37, 24, 382.0, 29.3138, N'2026-07-10'),
        (223, 38, 2, 983.0, 47.808, N'2026-07-10'),
        (224, 38, 7, 526.0, 105.0984, N'2026-07-10'),
        (225, 38, 12, 997.0, 34.1235, N'2026-07-10'),
        (226, 38, 22, 352.0, 24.1151, N'2026-07-10'),
        (227, 38, 24, 580.0, 29.3138, N'2026-07-10'),
        (228, 38, 25, 235.0, 36.0703, N'2026-07-10'),
        (229, 39, 6, 533.0, 55.6546, N'2026-07-10'),
        (230, 39, 10, 269.0, 36.6309, N'2026-07-10'),
        (231, 39, 15, 616.0, 72.1745, N'2026-07-10'),
        (232, 39, 17, 772.0, 57.6284, N'2026-07-10'),
        (233, 39, 18, 49002.0, 1.009, N'2026-07-10'),
        (234, 39, 21, 390.0, 50.6675, N'2026-07-10'),
        (235, 40, 6, 716.0, 51.475, N'2026-07-10'),
        (236, 40, 7, 390.0, 111.103, N'2026-07-10'),
        (237, 40, 9, 723.0, 44.9518, N'2026-07-10'),
        (238, 40, 14, 776.0, 83.83, N'2026-07-10'),
        (239, 40, 19, 108.0, 100.0, N'2026-07-10'),
        (240, 40, 20, 501.0, 43.214, N'2026-07-10'),
        (241, 41, 1, 1033.0, 62.8082, N'2026-07-10'),
        (242, 41, 5, 1652.0, 39.2674, N'2026-07-10'),
        (243, 41, 11, 1142.0, 41.3246, N'2026-07-10'),
        (244, 41, 15, 316.0, 74.5596, N'2026-07-10'),
        (245, 41, 21, 437.0, 54.01, N'2026-07-10'),
        (246, 41, 25, 328.0, 35.8914, N'2026-07-10'),
        (247, 42, 7, 256.0, 111.222, N'2026-07-10'),
        (248, 42, 11, 228.0, 41.6987, N'2026-07-10'),
        (249, 42, 13, 375.0, 96.9238, N'2026-07-10'),
        (250, 42, 14, 528.0, 80.9911, N'2026-07-10'),
        (251, 42, 19, 479.0, 99.3012, N'2026-07-10'),
        (252, 42, 21, 350.0, 54.3341, N'2026-07-10'),
        (253, 43, 3, 428.0, 73.3313, N'2026-07-10'),
        (254, 43, 9, 234.0, 44.6362, N'2026-07-10'),
        (255, 43, 16, 928.0, 50.7453, N'2026-07-10'),
        (256, 43, 17, 822.0, 57.3379, N'2026-07-10'),
        (257, 43, 19, 525.0, 99.6, N'2026-07-10'),
        (258, 43, 21, 398.0, 52.6093, N'2026-07-10'),
        (259, 44, 7, 351.0, 110.8883, N'2026-07-10'),
        (260, 44, 8, 702.0, 65.124, N'2026-07-10'),
        (261, 44, 10, 923.0, 37.111, N'2026-07-10'),
        (262, 44, 17, 1181.0, 58.0301, N'2026-07-10'),
        (263, 44, 19, 111.0, 102.6676, N'2026-07-10'),
        (264, 44, 21, 434.0, 52.6093, N'2026-07-10'),
        (265, 45, 2, 1420.0, 47.9514, N'2026-07-10'),
        (266, 45, 3, 916.0, 74.296, N'2026-07-10'),
        (267, 45, 12, 1557.0, 31.8057, N'2026-07-10'),
        (268, 45, 14, 291.0, 85.095, N'2026-07-10'),
        (269, 45, 21, 447.0, 55.3771, N'2026-07-10'),
        (270, 45, 25, 344.0, 35.9271, N'2026-07-10'),
        (271, 46, 1, 1052.0, 60.8751, N'2026-07-10'),
        (272, 46, 8, 820.0, 66.3946, N'2026-07-10'),
        (273, 46, 9, 861.0, 45.7682, N'2026-07-10'),
        (274, 46, 22, 410.0, 23.9822, N'2026-07-10'),
        (275, 46, 23, 161.0, 30.5361, N'2026-07-10'),
        (276, 46, 25, 535.0, 36.786, N'2026-07-10'),
        (277, 47, 5, 845.0, 39.2312, N'2026-07-10'),
        (278, 47, 10, 304.0, 36.2988, N'2026-07-10'),
        (279, 47, 14, 600.0, 82.8139, N'2026-07-10'),
        (280, 47, 16, 990.0, 50.224, N'2026-07-10'),
        (281, 47, 18, 55795.0, 0.991, N'2026-07-10'),
        (282, 47, 21, 424.0, 52.14, N'2026-07-10'),
        (283, 48, 3, 645.0, 74.5073, N'2026-07-10'),
        (284, 48, 5, 1026.0, 39.8232, N'2026-07-10'),
        (285, 48, 12, 1106.0, 32.5714, N'2026-07-10'),
        (286, 48, 16, 1452.0, 49.6267, N'2026-07-10'),
        (287, 48, 19, 115.0, 103.9108, N'2026-07-10'),
        (288, 48, 20, 529.0, 45.408, N'2026-07-10'),
        (289, 49, 3, 957.0, 74.5073, N'2026-07-10'),
        (290, 49, 7, 667.0, 106.8033, N'2026-07-10'),
        (291, 49, 12, 1588.0, 32.6697, N'2026-07-10'),
        (292, 49, 16, 521.0, 49.776, N'2026-07-10'),
        (293, 49, 21, 496.0, 52.2964, N'2026-07-10'),
        (294, 49, 25, 351.0, 36.8679, N'2026-07-10'),
        (295, 50, 4, 332.0, 96.4284, N'2026-07-10'),
        (296, 50, 12, 336.0, 31.8057, N'2026-07-10'),
        (297, 50, 16, 927.0, 51.8639, N'2026-07-10'),
        (298, 50, 17, 733.0, 55.7515, N'2026-07-10'),
        (299, 50, 18, 53437.0, 1.0, N'2026-07-10'),
        (300, 50, 20, 488.0, 43.7341, N'2026-07-10');

    SET IDENTITY_INSERT trading.CurrentHolding OFF;
        PRINT N'Loaded 300 rows into trading.CurrentHolding.';
    END
    ELSE
    BEGIN
        PRINT N'Skipped trading.CurrentHolding; sample rows already exist.';
    END;

    IF NOT EXISTS (SELECT 1 FROM compliance.ComplianceReview WHERE [ComplianceReviewID] = 1)
    BEGIN
    SET IDENTITY_INSERT compliance.ComplianceReview ON;

    INSERT INTO compliance.ComplianceReview ([ComplianceReviewID], [ClientID], [AccountID], [ReviewType], [DueDate], [ReviewStatus], [CompletedDate], [ReviewerName], [Notes])
    VALUES
        (1, 1, NULL, N'ANNUAL_KYC', N'2026-03-21', N'COMPLETED', N'2026-03-11', N'Jordan Lee', N'Synthetic annual review record'),
        (2, 2, NULL, N'ANNUAL_KYC', N'2026-03-27', N'IN_PROGRESS', NULL, NULL, N'Synthetic annual review record'),
        (3, 3, NULL, N'ANNUAL_KYC', N'2026-04-02', N'SCHEDULED', NULL, NULL, N'Synthetic annual review record'),
        (4, 4, NULL, N'ANNUAL_KYC', N'2026-04-08', N'WAIVED', NULL, N'Jordan Lee', N'Synthetic annual review record'),
        (5, 5, NULL, N'ANNUAL_KYC', N'2026-04-14', N'COMPLETED', N'2026-04-04', N'Jordan Lee', N'Synthetic annual review record'),
        (6, 6, NULL, N'ANNUAL_KYC', N'2026-04-20', N'IN_PROGRESS', NULL, NULL, N'Synthetic annual review record'),
        (7, 7, NULL, N'ANNUAL_KYC', N'2026-04-26', N'SCHEDULED', NULL, NULL, N'Synthetic annual review record'),
        (8, 8, NULL, N'ANNUAL_KYC', N'2026-05-02', N'WAIVED', NULL, N'Jordan Lee', N'Synthetic annual review record'),
        (9, 9, NULL, N'ANNUAL_KYC', N'2026-05-08', N'COMPLETED', N'2026-04-28', N'Jordan Lee', N'Synthetic annual review record'),
        (10, 10, NULL, N'ANNUAL_KYC', N'2026-05-14', N'IN_PROGRESS', NULL, NULL, N'Synthetic annual review record'),
        (11, 11, NULL, N'ANNUAL_KYC', N'2026-05-20', N'SCHEDULED', NULL, NULL, N'Synthetic annual review record'),
        (12, 12, NULL, N'ANNUAL_KYC', N'2026-05-26', N'WAIVED', NULL, N'Jordan Lee', N'Synthetic annual review record'),
        (13, 13, NULL, N'ANNUAL_KYC', N'2026-06-01', N'COMPLETED', N'2026-05-22', N'Jordan Lee', N'Synthetic annual review record'),
        (14, 14, NULL, N'ANNUAL_KYC', N'2026-06-07', N'IN_PROGRESS', NULL, NULL, N'Synthetic annual review record'),
        (15, 15, NULL, N'ANNUAL_KYC', N'2026-06-13', N'SCHEDULED', NULL, NULL, N'Synthetic annual review record'),
        (16, 16, NULL, N'ANNUAL_KYC', N'2026-06-19', N'WAIVED', NULL, N'Jordan Lee', N'Synthetic annual review record'),
        (17, 17, NULL, N'ANNUAL_KYC', N'2026-06-25', N'COMPLETED', N'2026-06-15', N'Jordan Lee', N'Synthetic annual review record'),
        (18, 18, NULL, N'ANNUAL_KYC', N'2026-07-01', N'IN_PROGRESS', NULL, NULL, N'Synthetic annual review record'),
        (19, 19, NULL, N'ANNUAL_KYC', N'2026-07-07', N'SCHEDULED', NULL, NULL, N'Synthetic annual review record'),
        (20, 20, NULL, N'ANNUAL_KYC', N'2026-07-13', N'WAIVED', NULL, N'Jordan Lee', N'Synthetic annual review record'),
        (21, 21, NULL, N'ANNUAL_KYC', N'2026-07-19', N'COMPLETED', N'2026-07-09', N'Jordan Lee', N'Synthetic annual review record'),
        (22, 22, NULL, N'ANNUAL_KYC', N'2026-07-25', N'IN_PROGRESS', NULL, NULL, N'Synthetic annual review record'),
        (23, 23, NULL, N'ANNUAL_KYC', N'2026-07-31', N'SCHEDULED', NULL, NULL, N'Synthetic annual review record'),
        (24, 24, NULL, N'ANNUAL_KYC', N'2026-08-06', N'WAIVED', NULL, N'Jordan Lee', N'Synthetic annual review record'),
        (25, 25, NULL, N'ANNUAL_KYC', N'2026-08-12', N'COMPLETED', N'2026-08-02', N'Jordan Lee', N'Synthetic annual review record'),
        (26, 26, NULL, N'ANNUAL_KYC', N'2026-08-18', N'IN_PROGRESS', NULL, NULL, N'Synthetic annual review record'),
        (27, 27, NULL, N'ANNUAL_KYC', N'2026-08-24', N'SCHEDULED', NULL, NULL, N'Synthetic annual review record'),
        (28, 28, NULL, N'ANNUAL_KYC', N'2026-08-30', N'WAIVED', NULL, N'Jordan Lee', N'Synthetic annual review record'),
        (29, 29, NULL, N'ANNUAL_KYC', N'2026-09-05', N'COMPLETED', N'2026-08-26', N'Jordan Lee', N'Synthetic annual review record'),
        (30, 30, NULL, N'ANNUAL_KYC', N'2026-09-11', N'IN_PROGRESS', NULL, NULL, N'Synthetic annual review record'),
        (31, 1, 1, N'ACCOUNT_SUITABILITY', N'2026-05-01', N'IN_PROGRESS', NULL, NULL, N'Synthetic account suitability review'),
        (32, 2, 2, N'ACCOUNT_SUITABILITY', N'2026-05-09', N'COMPLETED', N'2026-05-06', N'Morgan Price', N'Synthetic account suitability review'),
        (33, 3, 3, N'ACCOUNT_SUITABILITY', N'2026-05-17', N'SCHEDULED', NULL, NULL, N'Synthetic account suitability review'),
        (34, 4, 4, N'ACCOUNT_SUITABILITY', N'2026-05-25', N'IN_PROGRESS', NULL, NULL, N'Synthetic account suitability review'),
        (35, 5, 5, N'ACCOUNT_SUITABILITY', N'2026-06-02', N'COMPLETED', N'2026-05-30', N'Morgan Price', N'Synthetic account suitability review'),
        (36, 6, 6, N'ACCOUNT_SUITABILITY', N'2026-06-10', N'SCHEDULED', NULL, NULL, N'Synthetic account suitability review'),
        (37, 7, 7, N'ACCOUNT_SUITABILITY', N'2026-06-18', N'IN_PROGRESS', NULL, NULL, N'Synthetic account suitability review'),
        (38, 8, 8, N'ACCOUNT_SUITABILITY', N'2026-06-26', N'COMPLETED', N'2026-06-23', N'Morgan Price', N'Synthetic account suitability review'),
        (39, 9, 9, N'ACCOUNT_SUITABILITY', N'2026-07-04', N'SCHEDULED', NULL, NULL, N'Synthetic account suitability review'),
        (40, 10, 10, N'ACCOUNT_SUITABILITY', N'2026-07-12', N'IN_PROGRESS', NULL, NULL, N'Synthetic account suitability review');

    SET IDENTITY_INSERT compliance.ComplianceReview OFF;
        PRINT N'Loaded 40 rows into compliance.ComplianceReview.';
    END
    ELSE
    BEGIN
        PRINT N'Skipped compliance.ComplianceReview; sample rows already exist.';
    END;

    IF NOT EXISTS (SELECT 1 FROM compliance.ComplianceAlert WHERE [ComplianceAlertID] = 1)
    BEGIN
    SET IDENTITY_INSERT compliance.ComplianceAlert ON;

    INSERT INTO compliance.ComplianceAlert ([ComplianceAlertID], [ClientID], [AccountID], [TransactionID], [AlertType], [Severity], [AlertStatus], [AlertDate], [ResolvedDate], [Description])
    VALUES
        (1, 8, 8, NULL, N'LARGE_TRANSACTION', N'LOW', N'OPEN', N'2026-04-04', NULL, N'Synthetic alert for training and portfolio demonstration.'),
        (2, 15, 15, NULL, N'RISK_MISMATCH', N'MEDIUM', N'IN_REVIEW', N'2026-04-07', NULL, N'Synthetic alert for training and portfolio demonstration.'),
        (3, 22, 22, 170, N'STALE_REVIEW', N'HIGH', N'RESOLVED', N'2026-04-10', N'2026-04-15', N'Synthetic alert for training and portfolio demonstration.'),
        (4, 29, 29, NULL, N'CONCENTRATION', N'CRITICAL', N'DISMISSED', N'2026-04-13', N'2026-04-18', N'Synthetic alert for training and portfolio demonstration.'),
        (5, 6, 36, NULL, N'RESTRICTED_ACCOUNT', N'LOW', N'OPEN', N'2026-04-16', NULL, N'Synthetic alert for training and portfolio demonstration.'),
        (6, 13, 43, 340, N'LARGE_TRANSACTION', N'MEDIUM', N'IN_REVIEW', N'2026-04-19', NULL, N'Synthetic alert for training and portfolio demonstration.'),
        (7, 20, 50, NULL, N'RISK_MISMATCH', N'HIGH', N'RESOLVED', N'2026-04-22', N'2026-04-27', N'Synthetic alert for training and portfolio demonstration.'),
        (8, 7, 7, NULL, N'STALE_REVIEW', N'CRITICAL', N'DISMISSED', N'2026-04-25', N'2026-04-30', N'Synthetic alert for training and portfolio demonstration.'),
        (9, 14, 14, 105, N'CONCENTRATION', N'LOW', N'OPEN', N'2026-04-28', NULL, N'Synthetic alert for training and portfolio demonstration.'),
        (10, 21, 21, NULL, N'RESTRICTED_ACCOUNT', N'MEDIUM', N'IN_REVIEW', N'2026-05-01', NULL, N'Synthetic alert for training and portfolio demonstration.'),
        (11, 28, 28, NULL, N'LARGE_TRANSACTION', N'HIGH', N'RESOLVED', N'2026-05-04', N'2026-05-09', N'Synthetic alert for training and portfolio demonstration.'),
        (12, 5, 35, 275, N'RISK_MISMATCH', N'CRITICAL', N'DISMISSED', N'2026-05-07', N'2026-05-12', N'Synthetic alert for training and portfolio demonstration.'),
        (13, 12, 42, NULL, N'STALE_REVIEW', N'LOW', N'OPEN', N'2026-05-10', NULL, N'Synthetic alert for training and portfolio demonstration.'),
        (14, 19, 49, NULL, N'CONCENTRATION', N'MEDIUM', N'IN_REVIEW', N'2026-05-13', NULL, N'Synthetic alert for training and portfolio demonstration.'),
        (15, 6, 6, 40, N'RESTRICTED_ACCOUNT', N'HIGH', N'RESOLVED', N'2026-05-16', N'2026-05-21', N'Synthetic alert for training and portfolio demonstration.'),
        (16, 13, 13, NULL, N'LARGE_TRANSACTION', N'CRITICAL', N'DISMISSED', N'2026-05-19', N'2026-05-24', N'Synthetic alert for training and portfolio demonstration.'),
        (17, 20, 20, NULL, N'RISK_MISMATCH', N'LOW', N'OPEN', N'2026-05-22', NULL, N'Synthetic alert for training and portfolio demonstration.'),
        (18, 27, 27, 210, N'STALE_REVIEW', N'MEDIUM', N'IN_REVIEW', N'2026-05-25', NULL, N'Synthetic alert for training and portfolio demonstration.'),
        (19, 4, 34, NULL, N'CONCENTRATION', N'HIGH', N'RESOLVED', N'2026-05-28', N'2026-06-02', N'Synthetic alert for training and portfolio demonstration.'),
        (20, 11, 41, NULL, N'RESTRICTED_ACCOUNT', N'CRITICAL', N'DISMISSED', N'2026-05-31', N'2026-06-05', N'Synthetic alert for training and portfolio demonstration.'),
        (21, 18, 48, 379, N'LARGE_TRANSACTION', N'LOW', N'OPEN', N'2026-06-03', NULL, N'Synthetic alert for training and portfolio demonstration.'),
        (22, 5, 5, NULL, N'RISK_MISMATCH', N'MEDIUM', N'IN_REVIEW', N'2026-06-06', NULL, N'Synthetic alert for training and portfolio demonstration.'),
        (23, 12, 12, NULL, N'STALE_REVIEW', N'HIGH', N'RESOLVED', N'2026-06-09', N'2026-06-14', N'Synthetic alert for training and portfolio demonstration.'),
        (24, 19, 19, 146, N'CONCENTRATION', N'CRITICAL', N'DISMISSED', N'2026-06-12', N'2026-06-17', N'Synthetic alert for training and portfolio demonstration.'),
        (25, 26, 26, NULL, N'RESTRICTED_ACCOUNT', N'LOW', N'OPEN', N'2026-06-15', NULL, N'Synthetic alert for training and portfolio demonstration.');

    SET IDENTITY_INSERT compliance.ComplianceAlert OFF;
        PRINT N'Loaded 25 rows into compliance.ComplianceAlert.';
    END
    ELSE
    BEGIN
        PRINT N'Skipped compliance.ComplianceAlert; sample rows already exist.';
    END;


    COMMIT TRANSACTION;
    PRINT N'Synthetic sample data load completed.';
END TRY
BEGIN CATCH
    IF XACT_STATE() <> 0 ROLLBACK TRANSACTION;
    THROW;
END CATCH;
GO
